{"type":"FeatureCollection","name":"india_pipelines","crs":{"type":"name","properties":{"name":"urn:ogc:def:crs:OGC:1.3:CRS84"}},"features":[{"type":"Feature","properties":{"PipelineName":"Agartala Regional Gas Network","SegmentName":"","Wiki":"https://www.gem.wiki/Agartala_Regional_Gas_Network","ProjectID":"P0904","Status":"operating","LastUpdated":"2023-07-12","Fuel":"Gas","OtherEnglishNames":"","OtherLanguagePrimaryPipelineName":"","OtherLanguageSegmentName":"","CountriesOrAreas":"India","Owner":"GAIL (India) Ltd [100.%]","Parent":"GAIL Ltd [100.00%]","ParentEntityIDs":"E100000000513","StartYear1":"1997","StartYear2":"","StartYear3":"","ShelvedYear":"","CancelledYear":"","StopYear":"","Capacity":"2.0","CapacityUnits":"MMSCMD","CapacityBcm/y":"0.73","CapacityBOEd":"11766.0","LengthKnownKm":"55.0","LengthEstimateKm":"36.95","LengthMergedKm":"55.0","Diameter":"","DiameterUnits":"","FuelSource":"Tripura Gas Field","StartLocation":"","StartPrefecture/District":"","StartState/Province":"Tripura","StartCountryOrArea":"India","StartRegion":"Asia","StartSubRegion":"Southern Asia","EndLocation":"Agartala","EndPrefecture/District":"","EndState/Province":"Tripura","EndCountryOrArea":"India","EndRegion":"Asia","EndSubRegion":"Southern Asia","ProjectLevelCost":"","ProjectLevelCostUnits":"","CostUSD":"--","FIDStatus":"","FIDYear":"","PCI3":"","PCI4":"","PCI5":"","PCI6":"","RouteAccuracy":"very low (straight line/schematic)","RouteType":"Mapped route (at any accuracy)","RouteCreator":"WA"},"geometry":{"type":"LineString","coordinates":[[91.601799,24.061609],[91.289001,23.892206]]}},{"type":"Feature","properties":{"PipelineName":"Anjar-Chotila Gas Pipeline","SegmentName":"","Wiki":"https://www.gem.wiki/Anjar-Chotila_Gas_Pipeline","ProjectID":"P0905","Status":"shelved","LastUpdated":"2025-07-15","Fuel":"Gas","OtherEnglishNames":"","OtherLanguagePrimaryPipelineName":"","OtherLanguageSegmentName":"","CountriesOrAreas":"India","Owner":"Gujarat State Petronet [100.%]","Parent":"unknown [unknown %]","ParentEntityIDs":"E100000153049","StartYear1":"","StartYear2":"","StartYear3":"","ShelvedYear":"","CancelledYear":"","StopYear":"","Capacity":"13.0","CapacityUnits":"MMSCMD","CapacityBcm/y":"4.75","CapacityBOEd":"76479.0","LengthKnownKm":"200.0","LengthEstimateKm":"192.65","LengthMergedKm":"200.0","Diameter":"","DiameterUnits":"","FuelSource":"","StartLocation":"Anjar","StartPrefecture/District":"","StartState/Province":"Gujarat","StartCountryOrArea":"India","StartRegion":"Asia","StartSubRegion":"Southern Asia","EndLocation":"Chotila","EndPrefecture/District":"","EndState/Province":"Gujarat","EndCountryOrArea":"India","EndRegion":"Asia","EndSubRegion":"Southern Asia","ProjectLevelCost":"","ProjectLevelCostUnits":"","CostUSD":"--","FIDStatus":"","FIDYear":"","PCI3":"","PCI4":"","PCI5":"","PCI6":"","RouteAccuracy":"medium","RouteType":"Mapped route (at any accuracy)","RouteCreator":"WA"},"geometry":{"type":"LineString","coordinates":[[70.013879,23.162162],[70.070186,23.189091],[70.099564,23.209655],[70.128941,23.221406],[70.146568,23.221406],[70.178393,23.245888],[70.183289,23.254211],[70.19553,23.260087],[70.212883,23.287185],[70.260589,23.327041],[70.288971,23.34878],[70.313126,23.34878],[70.342716,23.343345],[70.378344,23.323417],[70.421823,23.290204],[70.432089,23.283562],[70.485229,23.275711],[70.526739,23.268701],[70.594725,23.250821],[70.641649,23.232945],[70.696953,23.197194],[70.699746,23.167587],[70.703097,23.151387],[70.737173,23.105022],[70.740525,23.091615],[70.757842,23.082677],[70.777952,23.045808],[70.849242,22.995084],[70.869903,22.987738],[70.88735,22.984065],[70.909385,22.949861],[70.928378,22.91411],[70.945137,22.877799],[70.988709,22.838137],[70.995971,22.833669],[71.009378,22.804062],[71.054626,22.752669],[71.101754,22.715568],[71.149504,22.684806],[71.18394,22.655421],[71.214702,22.631546],[71.227099,22.614098],[71.233986,22.54385],[71.244087,22.517679],[71.26413,22.492309],[71.276136,22.465294],[71.287543,22.435277],[71.289764,22.417354]]}},{"type":"Feature","properties":{"PipelineName":"Assam Regional Gas Network","SegmentName":"","Wiki":"https://www.gem.wiki/Assam_Regional_Gas_Network","ProjectID":"P0906","Status":"operating","LastUpdated":"2023-07-12","Fuel":"Gas","OtherEnglishNames":"Assam Natural Gas Pipeline","OtherLanguagePrimaryPipelineName":"","OtherLanguageSegmentName":"","CountriesOrAreas":"India","Owner":"Assam Gas Co Ltd [100.%]","Parent":"Assam Gas Co Ltd [100.00%]","ParentEntityIDs":"E100001014156","StartYear1":"1967","StartYear2":"","StartYear3":"","ShelvedYear":"","CancelledYear":"","StopYear":"","Capacity":"2.43","CapacityUnits":"MMSCMD","CapacityBcm/y":"0.89","CapacityBOEd":"14283.92","LengthKnownKm":"104.73","LengthEstimateKm":"202.16","LengthMergedKm":"104.73","Diameter":"350, 400, 500, 800","DiameterUnits":"mm","FuelSource":"","StartLocation":"","StartPrefecture/District":"Golaghat","StartState/Province":"Assam","StartCountryOrArea":"India","StartRegion":"Asia","StartSubRegion":"Southern Asia","EndLocation":"","EndPrefecture/District":"Tinsukia","EndState/Province":"Assam","EndCountryOrArea":"India","EndRegion":"Asia","EndSubRegion":"Southern Asia","ProjectLevelCost":"","ProjectLevelCostUnits":"","CostUSD":"--","FIDStatus":"","FIDYear":"","PCI3":"","PCI4":"","PCI5":"","PCI6":"","RouteAccuracy":"medium","RouteType":"Mapped route (at any accuracy)","RouteCreator":"WA"},"geometry":{"type":"LineString","coordinates":[[93.966644,26.514171],[94.208444,26.760509],[94.629202,26.98769],[95.024557,27.43362],[95.556524,27.541288]]}},{"type":"Feature","properties":{"PipelineName":"Barauni-Guwahati Gas Pipeline","SegmentName":"","Wiki":"https://www.gem.wiki/Barauni-Guwahati_Gas_Pipeline","ProjectID":"P0907","Status":"retired","LastUpdated":"2026-08-28","Fuel":"Gas","OtherEnglishNames":"","OtherLanguagePrimaryPipelineName":"","OtherLanguageSegmentName":"","CountriesOrAreas":"India","Owner":"GAIL (India) Ltd [100.%]","Parent":"Assam Gas Co Ltd [100.00%]","ParentEntityIDs":"E100001014156","StartYear1":"2024","StartYear2":"","StartYear3":"","ShelvedYear":"","CancelledYear":"","StopYear":"","Capacity":"4.38","CapacityUnits":"bcm/y","CapacityBcm/y":"4.38","CapacityBOEd":"70596.0","LengthKnownKm":"718.0","LengthEstimateKm":"620.93","LengthMergedKm":"718.0","Diameter":"","DiameterUnits":"","FuelSource":"","StartLocation":"Barauni","StartPrefecture/District":"","StartState/Province":"Bihar","StartCountryOrArea":"India","StartRegion":"Asia","StartSubRegion":"Southern Asia","EndLocation":"Guwahati","EndPrefecture/District":"","EndState/Province":"Assam","EndCountryOrArea":"India","EndRegion":"Asia","EndSubRegion":"Southern Asia","ProjectLevelCost":"","ProjectLevelCostUnits":"","CostUSD":"--","FIDStatus":"","FIDYear":"","PCI3":"","PCI4":"","PCI5":"","PCI6":"","RouteAccuracy":"medium","RouteType":"Mapped route (at any accuracy)","RouteCreator":"WA"},"geometry":{"type":"LineString","coordinates":[[85.988348,25.465903],[88.01692,26.32825],[88.391834,26.696619],[90.537447,26.500918],[91.737913,26.144724]]}},{"type":"Feature","properties":{"PipelineName":"Bathinda-Jammu-Srinagar Gas Pipeline","SegmentName":"","Wiki":"https://www.gem.wiki/Bathinda-Jammu-Srinagar_Gas_Pipeline","ProjectID":"P0908","Status":"cancelled","LastUpdated":"2026-08-21","Fuel":"Gas","OtherEnglishNames":"","OtherLanguagePrimaryPipelineName":"","OtherLanguageSegmentName":"","CountriesOrAreas":"India","Owner":"Gujarat State Petronet; Indian Oil Corp; BPCL Group; Hindustan Petroleum","Parent":"Bharat Petroleum Corp Ltd [unknown %]; Hindustan Petroleum Corp Ltd [unknown %]; Indian Oil Corporation Ltd [unknown %]; unknown [unknown %]","ParentEntityIDs":"E100000153049; E100000001918; E100000000509; E100000001917","StartYear1":"","StartYear2":"","StartYear3":"","ShelvedYear":"","CancelledYear":"2023","StopYear":"","Capacity":"15.48","CapacityUnits":"bcm/y","CapacityBcm/y":"15.48","CapacityBOEd":"249503.67","LengthKnownKm":"725.0","LengthEstimateKm":"464.16","LengthMergedKm":"725.0","Diameter":"","DiameterUnits":"","FuelSource":"","StartLocation":"Bhatinda","StartPrefecture/District":"","StartState/Province":"Punjab","StartCountryOrArea":"India","StartRegion":"Asia","StartSubRegion":"Southern Asia","EndLocation":"Srinigar","EndPrefecture/District":"","EndState/Province":"Jammu and Kashmir","EndCountryOrArea":"India","EndRegion":"Asia","EndSubRegion":"Southern Asia","ProjectLevelCost":"","ProjectLevelCostUnits":"","CostUSD":"--","FIDStatus":"","FIDYear":"","PCI3":"","PCI4":"","PCI5":"","PCI6":"","RouteAccuracy":"medium","RouteType":"Mapped route (at any accuracy)","RouteCreator":"WA"},"geometry":{"type":"LineString","coordinates":[[74.942554,30.217345],[75.481934,32.32493],[74.84977,32.731219],[74.7985,34.086215]]}},{"type":"Feature","properties":{"PipelineName":"Cauvery Basin Gas Network","SegmentName":"","Wiki":"https://www.gem.wiki/Cauvery_Basin_Gas_Network","ProjectID":"P0911","Status":"operating","LastUpdated":"2023-07-12","Fuel":"Gas","OtherEnglishNames":"","OtherLanguagePrimaryPipelineName":"","OtherLanguageSegmentName":"","CountriesOrAreas":"India","Owner":"GAIL (India) Ltd [100.%]","Parent":"GAIL Ltd [100.00%]","ParentEntityIDs":"E100000000513","StartYear1":"1991","StartYear2":"","StartYear3":"","ShelvedYear":"","CancelledYear":"","StopYear":"","Capacity":"4.33","CapacityUnits":"MMSCMD","CapacityBcm/y":"1.58","CapacityBOEd":"25473.39","LengthKnownKm":"242.55","LengthEstimateKm":"71.81","LengthMergedKm":"242.55","Diameter":"","DiameterUnits":"","FuelSource":"Cauvery Gas Fields","StartLocation":"Offshore","StartPrefecture/District":"","StartState/Province":"Tamil Nadu","StartCountryOrArea":"India","StartRegion":"Asia","StartSubRegion":"Southern Asia","EndLocation":"Narimanam","EndPrefecture/District":"","EndState/Province":"Tamil Nadu","EndCountryOrArea":"India","EndRegion":"Asia","EndSubRegion":"Southern Asia","ProjectLevelCost":"","ProjectLevelCostUnits":"","CostUSD":"--","FIDStatus":"","FIDYear":"","PCI3":"","PCI4":"","PCI5":"","PCI6":"","RouteAccuracy":"low","RouteType":"Mapped route (at any accuracy)","RouteCreator":"WA"},"geometry":{"type":"LineString","coordinates":[[77.970925,9.210084],[78.212532,9.273155],[78.341146,9.282011],[78.603743,9.362674]]}},{"type":"Feature","properties":{"PipelineName":"Chainsa-Jhajjar-Hissar Gas Pipeline","SegmentName":"","Wiki":"https://www.gem.wiki/Chainsa-Jhajjar-Hissar_Gas_Pipeline","ProjectID":"P0912","Status":"operating","LastUpdated":"2023-07-12","Fuel":"Gas","OtherEnglishNames":"","OtherLanguagePrimaryPipelineName":"","OtherLanguageSegmentName":"","CountriesOrAreas":"India","Owner":"GAIL (India) Ltd [100.%]","Parent":"GAIL Ltd [100.00%]","ParentEntityIDs":"E100000000513","StartYear1":"2023","StartYear2":"","StartYear3":"","ShelvedYear":"","CancelledYear":"","StopYear":"","Capacity":"35.0","CapacityUnits":"MMSCMD","CapacityBcm/y":"12.78","CapacityBOEd":"205905.0","LengthKnownKm":"455.0","LengthEstimateKm":"185.36","LengthMergedKm":"455.0","Diameter":"","DiameterUnits":"","FuelSource":"","StartLocation":"Chainsa","StartPrefecture/District":"","StartState/Province":"Haryana","StartCountryOrArea":"India","StartRegion":"Asia","StartSubRegion":"Southern Asia","EndLocation":"Hissar","EndPrefecture/District":"","EndState/Province":"Haryana","EndCountryOrArea":"India","EndRegion":"Asia","EndSubRegion":"Southern Asia","ProjectLevelCost":"","ProjectLevelCostUnits":"","CostUSD":"--","FIDStatus":"","FIDYear":"","PCI3":"","PCI4":"","PCI5":"","PCI6":"","RouteAccuracy":"very low (straight line/schematic)","RouteType":"Mapped route (at any accuracy)","RouteCreator":"WA"},"geometry":{"type":"LineString","coordinates":[[77.15063,28.065501],[75.716001,29.158514]]}},{"type":"Feature","properties":{"PipelineName":"Contai-Paradip-Dattapulia Gas Pipeline","SegmentName":"","Wiki":"https://www.gem.wiki/Contai-Paradip-Dattapulia_Gas_Pipeline","ProjectID":"P0913","Status":"cancelled","LastUpdated":"2023-07-12","Fuel":"Gas","OtherEnglishNames":"","OtherLanguagePrimaryPipelineName":"","OtherLanguageSegmentName":"","CountriesOrAreas":"India","Owner":"Western Concessions Private Ltd [100.%]","Parent":"HE Terminals Pvt Ltd [unknown %]","ParentEntityIDs":"E100001016031","StartYear1":"2019","StartYear2":"","StartYear3":"","ShelvedYear":"","CancelledYear":"2016","StopYear":"","Capacity":"5.26","CapacityUnits":"bcm/y","CapacityBcm/y":"5.26","CapacityBOEd":"84779.67","LengthKnownKm":"705.0","LengthEstimateKm":"654.81","LengthMergedKm":"705.0","Diameter":"","DiameterUnits":"","FuelSource":"","StartLocation":"Contai","StartPrefecture/District":"","StartState/Province":"West Bengal","StartCountryOrArea":"India","StartRegion":"Asia","StartSubRegion":"Southern Asia","EndLocation":"Dattapulia","EndPrefecture/District":"","EndState/Province":"West Bengal","EndCountryOrArea":"India","EndRegion":"Asia","EndSubRegion":"Southern Asia","ProjectLevelCost":"","ProjectLevelCostUnits":"","CostUSD":"333858720.0","FIDStatus":"","FIDYear":"","PCI3":"","PCI4":"","PCI5":"","PCI6":"","RouteAccuracy":"medium","RouteType":"Mapped route (at any accuracy)","RouteCreator":"WA"},"geometry":{"type":"MultiLineString","coordinates":[[[88.716,23.2497],[88.5,23.211],[88.255,22.65]],[[88.255,22.65],[87.608,21.925],[86.267,20.918]],[[86.267,20.918],[85.847,20.48877]],[[85.847,20.48877],[85.853,20.229]],[[88.255,22.65],[88.35644,22.54205]],[[86.267,20.918],[86.889353,20.806473]],[[86.267,20.918],[86.008625,20.965634]],[[85.847,20.48877],[86.593064,20.316995]]]}},{"type":"Feature","properties":{"PipelineName":"Dabhol-Bangalore Gas Pipeline","SegmentName":"","Wiki":"https://www.gem.wiki/Dabhol-Bangalore_Gas_Pipeline","ProjectID":"P0915","Status":"operating","LastUpdated":"2023-07-12","Fuel":"Gas","OtherEnglishNames":"","OtherLanguagePrimaryPipelineName":"","OtherLanguageSegmentName":"","CountriesOrAreas":"India","Owner":"GAIL (India) Ltd [100.%]","Parent":"GAIL Ltd [100.00%]","ParentEntityIDs":"E100000000513","StartYear1":"2013","StartYear2":"","StartYear3":"","ShelvedYear":"","CancelledYear":"","StopYear":"","Capacity":"16.0","CapacityUnits":"MMSCMD","CapacityBcm/y":"5.84","CapacityBOEd":"94128.0","LengthKnownKm":"1386.0","LengthEstimateKm":"910.87","LengthMergedKm":"1386.0","Diameter":"","DiameterUnits":"","FuelSource":"","StartLocation":"Dabhol","StartPrefecture/District":"","StartState/Province":"Maharashtra","StartCountryOrArea":"India","StartRegion":"Asia","StartSubRegion":"Southern Asia","EndLocation":"Bangalore","EndPrefecture/District":"","EndState/Province":"Karnataka","EndCountryOrArea":"India","EndRegion":"Asia","EndSubRegion":"Southern Asia","ProjectLevelCost":"","ProjectLevelCostUnits":"","CostUSD":"--","FIDStatus":"","FIDYear":"","PCI3":"","PCI4":"","PCI5":"","PCI6":"","RouteAccuracy":"high","RouteType":"Mapped route (at any accuracy)","RouteCreator":"WA"},"geometry":{"type":"MultiLineString","coordinates":[[[73.157882,17.587163],[74.816592,16.184096]],[[74.816592,16.184096],[74.982,15.459609],[75.897201,14.460689],[76.384067,14.227629],[77.083488,13.340362],[77.328962,12.712817],[77.442393,13.036026]],[[74.816592,16.184096],[74.500638,15.874969],[73.874119,15.448986]],[[77.442393,13.036026],[77.28381,12.943311],[77.290154,12.944857]]]}},{"type":"Feature","properties":{"PipelineName":"Dadri-Bawana-Nangal Gas Pipeline","SegmentName":"","Wiki":"https://www.gem.wiki/Dadri-Bawana-Nangal_Gas_Pipeline","ProjectID":"P0916","Status":"operating","LastUpdated":"2023-07-12","Fuel":"Gas","OtherEnglishNames":"","OtherLanguagePrimaryPipelineName":"","OtherLanguageSegmentName":"","CountriesOrAreas":"India","Owner":"GAIL (India) Ltd [100.%]","Parent":"GAIL Ltd [100.00%]","ParentEntityIDs":"E100000000513","StartYear1":"2012","StartYear2":"","StartYear3":"","ShelvedYear":"","CancelledYear":"","StopYear":"","Capacity":"31.0","CapacityUnits":"MMSCMD","CapacityBcm/y":"11.32","CapacityBOEd":"182373.0","LengthKnownKm":"886.0","LengthEstimateKm":"340.3","LengthMergedKm":"886.0","Diameter":"","DiameterUnits":"","FuelSource":"","StartLocation":"Dadri","StartPrefecture/District":"","StartState/Province":"Uttar Pradesh","StartCountryOrArea":"India","StartRegion":"Asia","StartSubRegion":"Southern Asia","EndLocation":"Nangal","EndPrefecture/District":"","EndState/Province":"Punjab","EndCountryOrArea":"India","EndRegion":"Asia","EndSubRegion":"Southern Asia","ProjectLevelCost":"","ProjectLevelCostUnits":"","CostUSD":"--","FIDStatus":"","FIDYear":"","PCI3":"","PCI4":"","PCI5":"","PCI6":"","RouteAccuracy":"medium","RouteType":"Mapped route (at any accuracy)","RouteCreator":"WA"},"geometry":{"type":"LineString","coordinates":[[77.537104,28.551572],[77.249912,30.129939],[76.3597,31.384701]]}},{"type":"Feature","properties":{"PipelineName":"Dadri-Panipat Gas Pipeline","SegmentName":"","Wiki":"https://www.gem.wiki/Dadri-Panipat_Gas_Pipeline","ProjectID":"P0917","Status":"operating","LastUpdated":"2023-07-12","Fuel":"Gas","OtherEnglishNames":"","OtherLanguagePrimaryPipelineName":"","OtherLanguageSegmentName":"","CountriesOrAreas":"India","Owner":"Indian Oil Corp [100.%]","Parent":"Indian Oil Corporation Ltd [100.00%]","ParentEntityIDs":"E100000001918","StartYear1":"2010","StartYear2":"","StartYear3":"","ShelvedYear":"","CancelledYear":"","StopYear":"","Capacity":"20.0","CapacityUnits":"MMSCMD","CapacityBcm/y":"7.3","CapacityBOEd":"117660.0","LengthKnownKm":"132.0","LengthEstimateKm":"110.11","LengthMergedKm":"132.0","Diameter":"","DiameterUnits":"","FuelSource":"","StartLocation":"Dadri","StartPrefecture/District":"","StartState/Province":"Uttar Pradesh","StartCountryOrArea":"India","StartRegion":"Asia","StartSubRegion":"Southern Asia","EndLocation":"Panipat","EndPrefecture/District":"","EndState/Province":"Haryana","EndCountryOrArea":"India","EndRegion":"Asia","EndSubRegion":"Southern Asia","ProjectLevelCost":"","ProjectLevelCostUnits":"","CostUSD":"--","FIDStatus":"","FIDYear":"","PCI3":"","PCI4":"","PCI5":"","PCI6":"","RouteAccuracy":"very low (straight line/schematic)","RouteType":"Mapped route (at any accuracy)","RouteCreator":"WA"},"geometry":{"type":"LineString","coordinates":[[77.55663,28.547279],[76.965493,29.393931]]}},{"type":"Feature","properties":{"PipelineName":"Dahej-Vijaipur Gas Pipeline (DVPL-I)","SegmentName":"","Wiki":"https://www.gem.wiki/Dahej-Vijaipur_Gas_Pipeline_(DVPL-I)","ProjectID":"P0919","Status":"operating","LastUpdated":"2023-07-13","Fuel":"Gas","OtherEnglishNames":"","OtherLanguagePrimaryPipelineName":"","OtherLanguageSegmentName":"","CountriesOrAreas":"India","Owner":"GAIL (India) Ltd [100.%]","Parent":"GAIL Ltd [100.00%]","ParentEntityIDs":"E100000000513","StartYear1":"2004","StartYear2":"","StartYear3":"","ShelvedYear":"","CancelledYear":"","StopYear":"","Capacity":"107.0","CapacityUnits":"MMSCMD","CapacityBcm/y":"39.06","CapacityBOEd":"629481.0","LengthKnownKm":"770.0","LengthEstimateKm":"560.19","LengthMergedKm":"770.0","Diameter":"","DiameterUnits":"","FuelSource":"","StartLocation":"Dahej","StartPrefecture/District":"","StartState/Province":"Gujarat","StartCountryOrArea":"India","StartRegion":"Asia","StartSubRegion":"Southern Asia","EndLocation":"Vijaipur","EndPrefecture/District":"","EndState/Province":"Madhya Pradesh","EndCountryOrArea":"India","EndRegion":"Asia","EndSubRegion":"Southern Asia","ProjectLevelCost":"","ProjectLevelCostUnits":"","CostUSD":"--","FIDStatus":"","FIDYear":"","PCI3":"","PCI4":"","PCI5":"","PCI6":"","RouteAccuracy":"very low (straight line/schematic)","RouteType":"Mapped route (at any accuracy)","RouteCreator":"WA"},"geometry":{"type":"LineString","coordinates":[[72.554908,21.727732],[77.137452,24.489186]]}},{"type":"Feature","properties":{"PipelineName":"East West Gas Pipeline (India)","SegmentName":"","Wiki":"https://www.gem.wiki/East_West_Gas_Pipeline","ProjectID":"P0920","Status":"operating","LastUpdated":"2023-07-13","Fuel":"Gas","OtherEnglishNames":"Kakinada-Hyderabad-Uran-Ahmedabad Gas Pipeline","OtherLanguagePrimaryPipelineName":"","OtherLanguageSegmentName":"","CountriesOrAreas":"India","Owner":"India Infrastructure Trust [100.%]","Parent":"India Infrastructure Trust [100.00%]","ParentEntityIDs":"E100001015057","StartYear1":"2008","StartYear2":"","StartYear3":"","ShelvedYear":"","CancelledYear":"","StopYear":"","Capacity":"85.0","CapacityUnits":"MMSCMD","CapacityBcm/y":"31.03","CapacityBOEd":"500055.0","LengthKnownKm":"1375.0","LengthEstimateKm":"1656.69","LengthMergedKm":"1375.0","Diameter":"48","DiameterUnits":"in","FuelSource":"Krishna Godavari Basin","StartLocation":"Kakinada","StartPrefecture/District":"","StartState/Province":"Andhra Pradesh","StartCountryOrArea":"India","StartRegion":"Asia","StartSubRegion":"Southern Asia","EndLocation":"Bharuch","EndPrefecture/District":"","EndState/Province":"Gujarat","EndCountryOrArea":"India","EndRegion":"Asia","EndSubRegion":"Southern Asia","ProjectLevelCost":"","ProjectLevelCostUnits":"","CostUSD":"--","FIDStatus":"","FIDYear":"","PCI3":"","PCI4":"","PCI5":"","PCI6":"","RouteAccuracy":"low","RouteType":"Mapped route (at any accuracy)","RouteCreator":"WA"},"geometry":{"type":"MultiLineString","coordinates":[[[82.254747,16.927682],[82.269911,16.971196],[82.057628,17.130658],[81.830182,17.203095],[81.481432,17.217579],[81.132681,17.145147],[80.541322,16.579216],[80.207735,16.361103],[79.910151,16.212799]],[[79.910151,16.212799],[79.707354,16.332003],[79.677028,16.840626],[79.692191,16.869649],[79.661865,16.826112],[79.404093,17.014699],[79.025017,17.261025],[78.024255,17.897039],[77.584526,18.022529]],[[77.584526,18.022529],[77.569363,18.026856],[77.584526,18.026856],[77.584526,18.022529]],[[77.584526,18.022529],[77.584526,17.983594],[76.65958,18.257403],[75.583003,18.660125],[74.879833,18.506523],[74.732235,18.497192],[74.663356,18.590481],[74.122163,18.73032],[73.767929,18.888664],[73.512092,19.028256],[73.354655,19.037558],[73.226737,19.288512],[73.069299,19.650322],[73.029939,19.844807],[72.941381,20.20536],[73.052681,20.754453],[72.9295,21.006215],[72.898704,21.243202],[72.806319,21.400983],[72.921801,21.623021],[73.052681,21.723185]],[[79.910151,16.212799],[80.3603,16.192924],[80.851841,16.033857]],[[80.851841,16.033857],[80.867364,15.889593],[80.929453,15.869686],[80.970846,15.869686],[80.97602,15.989096],[80.986369,16.093522],[80.981195,16.148199],[80.934627,16.148199],[80.789752,16.148199],[80.8001,16.068664],[80.805274,16.05872],[80.851841,16.033857]]]}},{"type":"Feature","properties":{"PipelineName":"Ennore-Nellore Gas Pipeline","SegmentName":"","Wiki":"https://www.gem.wiki/Ennore-Nellore_Gas_Pipeline","ProjectID":"P0921","Status":"shelved","LastUpdated":"2025-07-15","Fuel":"Gas","OtherEnglishNames":"","OtherLanguagePrimaryPipelineName":"","OtherLanguageSegmentName":"","CountriesOrAreas":"India","Owner":"Gas Transmission India Private Ltd [100.%]","Parent":"unknown [unknown %]","ParentEntityIDs":"E100001014797","StartYear1":"","StartYear2":"","StartYear3":"","ShelvedYear":"","CancelledYear":"","StopYear":"","Capacity":"36.0","CapacityUnits":"MMSCMD","CapacityBcm/y":"13.14","CapacityBOEd":"211788.0","LengthKnownKm":"220.0","LengthEstimateKm":"240.44","LengthMergedKm":"220.0","Diameter":"","DiameterUnits":"","FuelSource":"","StartLocation":"Ennore","StartPrefecture/District":"","StartState/Province":"Tamil Nadu","StartCountryOrArea":"India","StartRegion":"Asia","StartSubRegion":"Southern Asia","EndLocation":"Nellore","EndPrefecture/District":"","EndState/Province":"Andhra Pradesh","EndCountryOrArea":"India","EndRegion":"Asia","EndSubRegion":"Southern Asia","ProjectLevelCost":"","ProjectLevelCostUnits":"","CostUSD":"779672880.0","FIDStatus":"","FIDYear":"","PCI3":"","PCI4":"","PCI5":"","PCI6":"","RouteAccuracy":"medium","RouteType":"Mapped route (at any accuracy)","RouteCreator":"WA"},"geometry":{"type":"LineString","coordinates":[[80.320196,13.215734],[80.017646,13.70216],[79.503293,13.63581],[80.124067,14.290073],[79.985858,14.443917]]}},{"type":"Feature","properties":{"PipelineName":"Ennore-Tuticorn-Bengalaru Gas Pipeline","SegmentName":"","Wiki":"https://www.gem.wiki/Ennore-Tuticorn-Bengalaru_Gas_Pipeline","ProjectID":"P0922","Status":"construction","LastUpdated":"2025-07-15","Fuel":"Gas","OtherEnglishNames":"","OtherLanguagePrimaryPipelineName":"","OtherLanguageSegmentName":"","CountriesOrAreas":"India","Owner":"Indian Oil Corp [100.%]","Parent":"Indian Oil Corporation Ltd [100.00%]","ParentEntityIDs":"E100000001918","StartYear1":"2025","StartYear2":"","StartYear3":"","ShelvedYear":"","CancelledYear":"","StopYear":"","Capacity":"84.67","CapacityUnits":"MMSCMD","CapacityBcm/y":"30.9","CapacityBOEd":"498113.61","LengthKnownKm":"1431.0","LengthEstimateKm":"1016.9","LengthMergedKm":"1431.0","Diameter":"","DiameterUnits":"","FuelSource":"","StartLocation":"Ennore","StartPrefecture/District":"","StartState/Province":"Tamil Nadu","StartCountryOrArea":"India","StartRegion":"Asia","StartSubRegion":"Southern Asia","EndLocation":"Tuticorin","EndPrefecture/District":"","EndState/Province":"Tamil Nadu","EndCountryOrArea":"India","EndRegion":"Asia","EndSubRegion":"Southern Asia","ProjectLevelCost":"","ProjectLevelCostUnits":"","CostUSD":"825055667.5","FIDStatus":"","FIDYear":"","PCI3":"","PCI4":"","PCI5":"","PCI6":"","RouteAccuracy":"medium","RouteType":"Mapped route (at any accuracy)","RouteCreator":"WA"},"geometry":{"type":"MultiLineString","coordinates":[[[80.320196,13.215734],[79.470866,13.115752],[79.359352,13.140814],[79.356115,13.136985]],[[79.356115,13.136985],[79.23926,12.998766],[79.222104,12.881724],[79.144903,12.83991],[79.162059,12.613995],[79.024811,12.454898],[79.033389,12.253794],[78.793205,12.044148],[78.664536,11.74197],[78.5616,11.531929],[78.5616,11.43946],[78.458664,11.380601],[78.364307,11.145044],[78.244215,10.875601],[78.244215,10.749216],[78.295683,10.690218],[78.102687,10.123791],[78.041891,9.964152]],[[78.041891,9.964152],[77.80546,10.017373],[77.806738,10.015156],[78.041891,9.964152]],[[78.041891,9.964152],[77.849628,9.778547],[77.858206,9.541769],[78.104744,8.838636],[77.854803,8.798585],[77.738114,8.64394]],[[79.358582,13.137391],[79.356115,13.136985]],[[79.356115,13.136985],[79.089088,13.093068],[78.777055,13.081599],[78.553332,13.07013]],[[78.553332,13.07013],[78.653419,12.846367]],[[78.553332,13.07013],[78.117663,13.138939],[77.864503,13.024246],[77.705543,12.984091],[77.470046,12.978354],[77.328962,12.712817]]]}},{"type":"Feature","properties":{"PipelineName":"Gujarat Regional Gas Network","SegmentName":"","Wiki":"https://www.gem.wiki/Gujarat_Regional_Gas_Network","ProjectID":"P0923","Status":"operating","LastUpdated":"2023-07-13","Fuel":"Gas","OtherEnglishNames":"","OtherLanguagePrimaryPipelineName":"","OtherLanguageSegmentName":"","CountriesOrAreas":"India","Owner":"GAIL (India) Ltd [100.%]","Parent":"GAIL Ltd [100.00%]","ParentEntityIDs":"E100000000513","StartYear1":"","StartYear2":"","StartYear3":"","ShelvedYear":"","CancelledYear":"","StopYear":"","Capacity":"8.31","CapacityUnits":"MMSCMD","CapacityBcm/y":"3.03","CapacityBOEd":"48887.73","LengthKnownKm":"608.82","LengthEstimateKm":"171.85","LengthMergedKm":"608.82","Diameter":"","DiameterUnits":"","FuelSource":"","StartLocation":"","StartPrefecture/District":"","StartState/Province":"","StartCountryOrArea":"India","StartRegion":"Asia","StartSubRegion":"Southern Asia","EndLocation":"","EndPrefecture/District":"","EndState/Province":"","EndCountryOrArea":"India","EndRegion":"Asia","EndSubRegion":"Southern Asia","ProjectLevelCost":"","ProjectLevelCostUnits":"","CostUSD":"--","FIDStatus":"","FIDYear":"","PCI3":"","PCI4":"","PCI5":"","PCI6":"","RouteAccuracy":"low","RouteType":"Mapped route (at any accuracy)","RouteCreator":"WA"},"geometry":{"type":"LineString","coordinates":[[72.572888,23.034662],[73.188183,22.309898],[72.996073,21.706706]]}},{"type":"Feature","properties":{"PipelineName":"Hazira-Ankleshwar Gas Pipeline","SegmentName":"","Wiki":"https://www.gem.wiki/Hazira-Ankleshwar_Gas_Pipeline","ProjectID":"P0924","Status":"operating","LastUpdated":"2023-07-13","Fuel":"Gas","OtherEnglishNames":"","OtherLanguagePrimaryPipelineName":"","OtherLanguageSegmentName":"","CountriesOrAreas":"India","Owner":"Gujarat Gas Co Ltd [100.%]","Parent":"Gujarat Gas Ltd [100.00%]","ParentEntityIDs":"E100001014916","StartYear1":"1999","StartYear2":"","StartYear3":"","ShelvedYear":"","CancelledYear":"","StopYear":"","Capacity":"5.06","CapacityUnits":"MMSCMD","CapacityBcm/y":"1.85","CapacityBOEd":"29767.98","LengthKnownKm":"73.2","LengthEstimateKm":"61.79","LengthMergedKm":"73.2","Diameter":"","DiameterUnits":"","FuelSource":"","StartLocation":"Hazira","StartPrefecture/District":"Surat","StartState/Province":"Gujarat","StartCountryOrArea":"India","StartRegion":"Asia","StartSubRegion":"Southern Asia","EndLocation":"Ankleshwar","EndPrefecture/District":"Bharuch","EndState/Province":"Gujarat","EndCountryOrArea":"India","EndRegion":"Asia","EndSubRegion":"Southern Asia","ProjectLevelCost":"","ProjectLevelCostUnits":"","CostUSD":"--","FIDStatus":"","FIDYear":"","PCI3":"","PCI4":"","PCI5":"","PCI6":"","RouteAccuracy":"very low (straight line/schematic)","RouteType":"Mapped route (at any accuracy)","RouteCreator":"WA"},"geometry":{"type":"LineString","coordinates":[[72.640899,21.177688],[72.998469,21.624085]]}},{"type":"Feature","properties":{"PipelineName":"Hazira-Vijaipur-Jagdishpur (HVJ) Gas Pipeline","SegmentName":"","Wiki":"https://www.gem.wiki/Hazira-Vijaipur-Jagdishpur_(HVJ)_Gas_Pipeline","ProjectID":"P0925","Status":"operating","LastUpdated":"2023-07-13","Fuel":"Gas","OtherEnglishNames":"","OtherLanguagePrimaryPipelineName":"","OtherLanguageSegmentName":"","CountriesOrAreas":"India","Owner":"GAIL (India) Ltd [100.%]","Parent":"GAIL Ltd [100.00%]","ParentEntityIDs":"E100000000513","StartYear1":"1987","StartYear2":"","StartYear3":"","ShelvedYear":"","CancelledYear":"","StopYear":"","Capacity":"107.0","CapacityUnits":"MMSCMD","CapacityBcm/y":"39.06","CapacityBOEd":"629481.0","LengthKnownKm":"2887.0","LengthEstimateKm":"1036.32","LengthMergedKm":"2887.0","Diameter":"","DiameterUnits":"","FuelSource":"","StartLocation":"Hazira","StartPrefecture/District":"","StartState/Province":"Gujarat","StartCountryOrArea":"India","StartRegion":"Asia","StartSubRegion":"Southern Asia","EndLocation":"Jagdishpur","EndPrefecture/District":"","EndState/Province":"Uttar Pradesh","EndCountryOrArea":"India","EndRegion":"Asia","EndSubRegion":"Southern Asia","ProjectLevelCost":"","ProjectLevelCostUnits":"","CostUSD":"--","FIDStatus":"","FIDYear":"","PCI3":"","PCI4":"","PCI5":"","PCI6":"","RouteAccuracy":"high","RouteType":"Mapped route (at any accuracy)","RouteCreator":"WA"},"geometry":{"type":"LineString","coordinates":[[72.645373,21.177933],[72.995619,21.574189],[73.667443,22.047882],[74.17302,22.339386],[74.521458,22.421371],[74.705925,22.471473],[74.838012,22.562568],[75.350489,23.084555],[75.490216,23.229271],[76.01918,23.448841],[76.203818,23.523695],[76.438359,23.728294],[76.657929,24.002757],[77.160418,24.483139],[78.496306,25.324883],[79.295204,26.153371],[79.894998,26.661958],[80.542835,26.750347]]}},{"type":"Feature","properties":{"PipelineName":"Heera-Uran Trunk Line (HUT)","SegmentName":"","Wiki":"https://www.gem.wiki/Heera-Uran_Trunk_Line_(HUT)","ProjectID":"P0926","Status":"operating","LastUpdated":"2023-07-14","Fuel":"Gas","OtherEnglishNames":"","OtherLanguagePrimaryPipelineName":"","OtherLanguageSegmentName":"","CountriesOrAreas":"India","Owner":"Oil and Natural Gas Corp Ltd [100.%]","Parent":"Oil and Natural Gas Corporation Ltd [100.00%]","ParentEntityIDs":"E100000000524","StartYear1":"1990","StartYear2":"","StartYear3":"","ShelvedYear":"","CancelledYear":"","StopYear":"","Capacity":"5.84","CapacityUnits":"bcm/y","CapacityBcm/y":"5.84","CapacityBOEd":"94128.0","LengthKnownKm":"80.0","LengthEstimateKm":"166.33","LengthMergedKm":"80.0","Diameter":"26.0","DiameterUnits":"in","FuelSource":"Heera Gas Field","StartLocation":"","StartPrefecture/District":"","StartState/Province":"Offshore India","StartCountryOrArea":"India","StartRegion":"Asia","StartSubRegion":"Southern Asia","EndLocation":"Uran","EndPrefecture/District":"","EndState/Province":"Maharashtra","EndCountryOrArea":"India","EndRegion":"Asia","EndSubRegion":"Southern Asia","ProjectLevelCost":"","ProjectLevelCostUnits":"","CostUSD":"--","FIDStatus":"","FIDYear":"","PCI3":"","PCI4":"","PCI5":"","PCI6":"","RouteAccuracy":"very low (straight line/schematic)","RouteType":"Mapped route (at any accuracy)","RouteCreator":"WA"},"geometry":{"type":"LineString","coordinates":[[71.442119,19.387051],[72.929236,18.877149]]}},{"type":"Feature","properties":{"PipelineName":"High Pressure Gujarat Gas Grid Network","SegmentName":"","Wiki":"https://www.gem.wiki/High_Pressure_Gujarat_Gas_Grid_Network","ProjectID":"P0927","Status":"operating","LastUpdated":"2023-07-14","Fuel":"Gas","OtherEnglishNames":"","OtherLanguagePrimaryPipelineName":"","OtherLanguageSegmentName":"","CountriesOrAreas":"India","Owner":"Gujarat State Petronet [100.%]","Parent":"unknown [unknown %]","ParentEntityIDs":"E100000153049","StartYear1":"2016","StartYear2":"","StartYear3":"","ShelvedYear":"","CancelledYear":"","StopYear":"","Capacity":"31.0","CapacityUnits":"MMSCMD","CapacityBcm/y":"11.32","CapacityBOEd":"182373.0","LengthKnownKm":"2207.0","LengthEstimateKm":"1852.81","LengthMergedKm":"2207.0","Diameter":"","DiameterUnits":"","FuelSource":"","StartLocation":"","StartPrefecture/District":"","StartState/Province":"Gujarat","StartCountryOrArea":"India","StartRegion":"Asia","StartSubRegion":"Southern Asia","EndLocation":"","EndPrefecture/District":"","EndState/Province":"Gujarat","EndCountryOrArea":"India","EndRegion":"Asia","EndSubRegion":"Southern Asia","ProjectLevelCost":"","ProjectLevelCostUnits":"","CostUSD":"--","FIDStatus":"","FIDYear":"","PCI3":"","PCI4":"","PCI5":"","PCI6":"","RouteAccuracy":"high","RouteType":"Mapped route (at any accuracy)","RouteCreator":"WA"},"geometry":{"type":"MultiLineString","coordinates":[[[72.968384,20.443966],[72.85118,21.142808],[73.187438,22.30761]],[[73.187438,22.30761],[72.355237,23.918063]],[[72.355237,23.918063],[72.384149,24.510692]],[[72.355237,23.918063],[69.683003,23.223128],[70.555948,23.106052],[71.074938,22.425935]],[[71.074938,22.425935],[71.728532,22.399869]],[[71.728532,22.399869],[73.187438,22.30761]],[[71.728532,22.399869],[71.995059,21.315481],[70.980164,20.812515],[69.107762,22.187943],[71.074938,22.425935]]]}},{"type":"Feature","properties":{"PipelineName":"Jagdishpur-Haldia-Bokaro Dhamra-Paradip-Barauni-Guwahati","SegmentName":"","Wiki":"https://www.gem.wiki/Jagdishpur-Haldia-Bokaro-Dhamra_Natural_Gas_Pipeline_(JHBDPL)","ProjectID":"P0929","Status":"construction","LastUpdated":"2026-08-28","Fuel":"Gas","OtherEnglishNames":"JHBDPL, Pradhan Mantri Urja Ganga project, Barauni-Guwahati Pipeline","OtherLanguagePrimaryPipelineName":"","OtherLanguageSegmentName":"","CountriesOrAreas":"India","Owner":"GAIL (India) Ltd [100.%]","Parent":"GAIL Ltd [100.00%]","ParentEntityIDs":"E100000000513","StartYear1":"2025","StartYear2":"","StartYear3":"","ShelvedYear":"","CancelledYear":"","StopYear":"","Capacity":"23.0","CapacityUnits":"MMSCMD","CapacityBcm/y":"8.4","CapacityBOEd":"135309.0","LengthKnownKm":"3546.0","LengthEstimateKm":"2685.96","LengthMergedKm":"3546.0","Diameter":"","DiameterUnits":"","FuelSource":"","StartLocation":"Jagdishpur","StartPrefecture/District":"","StartState/Province":"Uttar Pradesh","StartCountryOrArea":"India","StartRegion":"Asia","StartSubRegion":"Southern Asia","EndLocation":"Haldia","EndPrefecture/District":"","EndState/Province":"West Bengal","EndCountryOrArea":"India","EndRegion":"Asia","EndSubRegion":"Southern Asia","ProjectLevelCost":"","ProjectLevelCostUnits":"","CostUSD":"1682200000.0","FIDStatus":"","FIDYear":"","PCI3":"","PCI4":"","PCI5":"","PCI6":"","RouteAccuracy":"medium","RouteType":"Mapped route (at any accuracy)","RouteCreator":"WA"},"geometry":{"type":"MultiLineString","coordinates":[[[86.899137,20.793992],[86.756486,21.06741],[86.779726,21.269931],[86.885967,21.396092],[86.965647,21.472452],[87.118368,21.572053],[87.294329,21.631813],[87.576531,21.731414],[87.805612,21.824374],[87.981573,21.977095],[88.037237,22.009481],[88.144296,22.07161]],[[82.849216,25.518106],[82.852959,25.515956],[82.914381,25.4969],[82.957888,25.473798],[82.9886,25.455313],[83.047462,25.439136],[83.08841,25.439136],[83.137036,25.422957],[83.16007,25.413711],[83.211255,25.4114],[83.247084,25.383657],[83.293151,25.355907],[83.382725,25.314271],[83.436469,25.274935],[83.561873,25.212434],[83.659124,25.161484],[83.700072,25.138318],[83.746139,25.126733],[83.781969,25.0827],[83.81268,25.045608],[83.853628,25.027058],[83.935524,24.989949],[83.996946,24.98067],[84.058368,24.98299],[84.117231,24.98067],[84.124909,24.96443],[84.170975,24.96443],[84.201686,24.920339],[84.229838,24.894806],[84.261189,24.873621],[84.280384,24.8504],[84.286782,24.83182],[84.305976,24.817884],[84.341806,24.796976],[84.375076,24.792329],[84.375076,24.794653],[84.39427,24.752826],[84.446735,24.744691],[84.481285,24.715634],[84.536309,24.685408],[84.573418,24.671455],[84.613087,24.650522],[84.657874,24.636566],[84.698822,24.624934],[84.766642,24.597012],[84.87112,24.555297],[84.937661,24.532017],[84.965624,24.525727],[85.002733,24.516413],[85.043681,24.505935],[85.076952,24.488468],[85.099985,24.464011],[85.120459,24.451198],[85.176763,24.432559],[85.197237,24.417412],[85.202355,24.395272],[85.227948,24.384783],[85.262498,24.375459],[85.309844,24.341653],[85.340555,24.340487],[85.367427,24.33116],[85.389181,24.307838],[85.410935,24.291511],[85.445484,24.283346],[85.454442,24.244849],[85.483873,24.230847],[85.53122,24.21801],[85.587523,24.195835],[85.63231,24.177159],[85.650225,24.163149],[85.66686,24.144468],[85.692453,24.147971],[85.723164,24.139797],[85.741078,24.11644],[85.784586,24.102424],[85.806339,24.10476],[85.843449,24.087238],[85.898473,24.048682],[85.931743,24.04167],[85.969492,24.016543],[86.00916,23.98498],[86.036033,23.953409],[86.042431,23.918322],[86.048829,23.822368],[86.060346,23.789587],[86.101294,23.762653],[86.10374,23.761985]],[[86.10374,23.761985],[86.10376,23.761979]],[[86.10376,23.761979],[86.187029,23.739228],[86.271484,23.706426],[86.366816,23.67303],[86.367519,23.67277]],[[86.367519,23.67277],[86.433357,23.648417],[86.480703,23.643728],[86.628872,23.599997],[86.706517,23.587574],[86.744905,23.59109],[86.775616,23.588746],[86.79609,23.571163],[86.834479,23.577025],[86.86775,23.577025],[86.898461,23.581713],[86.921494,23.555923],[86.979717,23.528955],[87.03986,23.514882],[87.103841,23.496116],[87.135832,23.476175],[87.193415,23.453674],[87.217728,23.441942],[87.281709,23.43021],[87.357207,23.443116],[87.393037,23.470096],[87.433985,23.486517],[87.477492,23.427863],[87.503085,23.42669],[87.55299,23.409088],[87.613133,23.383269],[87.686071,23.352748],[87.732138,23.322221],[87.780764,23.304606],[87.808916,23.297559],[87.870338,23.312826],[87.906167,23.284639],[87.939438,23.265844],[88.014936,23.241171],[88.046926,23.227071],[88.092993,23.206798],[88.133941,23.186817],[88.178728,23.16213],[88.219676,23.150372],[88.250387,23.143317],[88.281098,23.120974],[88.290056,23.104509],[88.324606,23.103332],[88.373231,23.077453],[88.375765,23.029695]],[[88.375765,23.029695],[88.375791,23.029211],[88.333563,22.964174],[88.323326,22.935913],[88.324606,22.911179],[88.334843,22.875838],[88.302852,22.839309],[88.234249,22.797384],[88.200978,22.7797],[88.185623,22.762014],[88.174106,22.728994],[88.163869,22.706583],[88.157471,22.682988],[88.157471,22.648768],[88.110125,22.61454],[88.081973,22.59211],[88.062779,22.570858],[88.053821,22.543401],[88.042304,22.513872],[88.006475,22.476065],[87.979603,22.452431],[87.964247,22.424065],[87.945053,22.402786],[87.925858,22.38978],[87.911782,22.33065],[87.890029,22.29516],[87.868275,22.267944],[87.879792,22.23451],[87.88619,22.198995],[87.88747,22.178866],[87.914342,22.150443],[87.943773,22.12083],[87.991119,22.105429],[88.028229,22.090026],[88.055101,22.066326],[88.085107,22.060155],[88.145358,22.077756]],[[82.849236,25.518179],[82.864796,25.592871],[82.872473,25.636718],[82.892947,25.655175],[82.900625,25.703612],[82.903184,25.726669],[82.939014,25.779686],[82.949251,25.818856],[82.959488,25.858014],[82.979962,25.901763],[82.982405,25.90975],[82.991925,25.91689],[83.003825,25.92879],[83.015725,25.976389],[83.054374,26.113436],[83.118669,26.272031],[83.15296,26.327754],[83.195823,26.417767],[83.255832,26.550644],[83.302982,26.666376],[83.324414,26.717812],[83.350132,26.777821],[83.397282,26.829257]],[[86.103744,23.761984],[86.10374,23.761985]],[[86.10374,23.761985],[86.065464,23.76807],[86.041897,23.736351],[86.021092,23.696043],[85.979484,23.650533],[85.923572,23.632329],[85.876762,23.624527],[85.830013,23.627243],[85.812098,23.616691],[85.789064,23.617863],[85.777548,23.608483],[85.773709,23.59324],[85.745557,23.567439],[85.684135,23.531074],[85.645746,23.508781],[85.567689,23.50526],[85.556172,23.502914],[85.557452,23.46301],[85.508826,23.431313],[85.448684,23.397259],[85.403897,23.385514],[85.355271,23.354974],[85.355217,23.35484]],[[85.355217,23.35484],[85.337996,23.312087],[85.311124,23.261545],[85.300887,23.239207],[85.297048,23.216865],[85.295768,23.196871],[85.270176,23.152169],[85.250981,23.116867],[85.286811,23.079202],[85.277853,23.042703],[85.261218,23.002661],[85.239464,22.983814],[85.216431,22.969677],[85.213227,22.948503],[85.208415,22.938879],[85.192375,22.929255],[85.165108,22.918027],[85.118592,22.889156],[85.0872,22.840229],[85.05512,22.859477],[85.000585,22.837022],[84.974921,22.782486],[84.957278,22.737575],[84.91397,22.695871],[84.90595,22.662188],[84.901138,22.625296],[84.891514,22.596424],[84.885098,22.532265],[84.878682,22.487354],[84.849811,22.436026],[84.820939,22.392719],[84.812919,22.336579],[84.820939,22.293272],[84.819574,22.279508],[84.768008,22.245153],[84.719888,22.249965],[84.610818,22.235529],[84.522599,22.235529],[84.450419,22.217885],[84.384913,22.181058],[84.317546,22.134542],[84.314338,22.092839],[84.298298,22.065571],[84.258198,22.027075],[84.226119,21.985372],[84.237347,21.943668],[84.248575,21.893945],[84.270147,21.880728],[84.297019,21.816592],[84.32645,21.77263],[84.327277,21.771905]],[[84.327277,21.771905],[84.346284,21.755249],[84.367398,21.735043],[84.399946,21.688974],[84.4317,21.629512],[84.449999,21.629427],[84.449999,21.577366],[84.482537,21.52921],[84.49952,21.511701],[84.537201,21.497973],[84.569738,21.460229],[84.59707,21.448516],[84.617895,21.430294],[84.660845,21.408169],[84.689478,21.380837],[84.689478,21.354806],[84.685066,21.34732],[84.67386,21.302746],[84.736333,21.274113],[84.75976,21.258494],[84.830042,21.197323],[84.882102,21.192117],[84.870389,21.15177],[84.892935,21.098495],[84.92416,21.076077],[84.932034,21.062346],[84.942911,21.036072],[84.960186,21.009794],[84.981939,20.995459],[84.996655,20.982914],[85.006892,20.950652],[85.041442,20.924957],[85.079831,20.885509],[85.104704,20.840866],[85.144225,20.837649]],[[85.144225,20.837649],[85.162083,20.836195],[85.268961,20.855754],[85.367804,20.855754],[85.437997,20.814211],[85.492432,20.786994],[85.555462,20.771236],[85.602735,20.768371],[85.635682,20.837131],[85.707307,20.858619],[85.767473,20.884404],[85.841963,20.898729],[85.894965,20.891566],[85.922183,20.887269],[85.92222,20.88727]],[[85.92222,20.88727],[85.966591,20.888701],[86.021026,20.895864],[86.047239,20.907014],[86.063364,20.890889],[86.094075,20.8879],[86.138862,20.880128],[86.185569,20.878932],[86.234195,20.88491],[86.311932,20.885508],[86.377193,20.883117],[86.42134,20.872355],[86.443734,20.843653],[86.443748,20.843493]],[[86.443748,20.843493],[86.448852,20.785634],[86.452051,20.73298],[86.451411,20.707842],[86.475084,20.682701],[86.478284,20.672224],[86.469966,20.645281],[86.466767,20.627915],[86.472525,20.607552],[86.486601,20.584191],[86.497478,20.566818],[86.496838,20.529669],[86.499397,20.503299],[86.521151,20.476326],[86.535867,20.453994],[86.56018,20.43061],[86.575535,20.396427],[86.588971,20.368835],[86.612005,20.344238],[86.613535,20.314484]],[[86.44375,20.843497],[86.460689,20.831244],[86.476044,20.813899],[86.496198,20.820179],[86.522111,20.831543],[86.549623,20.833038],[86.567858,20.818385],[86.586732,20.807917],[86.611365,20.81031],[86.625761,20.815095],[86.658071,20.823768],[86.71472,20.835122],[86.759397,20.842312],[86.792262,20.841285],[86.848236,20.833582],[86.899075,20.794041]],[[85.92222,20.88727],[85.933341,20.835125],[85.944476,20.803113],[85.944156,20.773803],[85.956633,20.762138],[85.972308,20.738805],[85.973268,20.717261],[85.976467,20.694519],[85.983505,20.678957],[85.988624,20.653814],[85.984465,20.616242],[85.996301,20.593184],[86.010057,20.563534],[86.011657,20.549757],[86.013896,20.525941],[86.021192,20.487996]],[[86.021192,20.487996],[86.037191,20.40479],[86.021196,20.367001],[86.00456,20.3091],[85.996883,20.262883],[85.986326,20.229563],[85.969051,20.203141],[85.952096,20.170934],[85.915591,20.135276]],[[86.021192,20.487996],[85.94647,20.51498],[85.908401,20.527868]],[[82.849216,25.518106],[82.84848,25.513069],[82.858397,25.478996],[82.892308,25.438558]],[[86.367519,23.67277],[86.448073,23.715506]],[[85.416356,25.088665],[85.414807,25.09034],[85.289711,25.236296],[85.205914,25.312475],[85.169348,25.332281],[85.149541,25.342946],[85.112141,25.367037],[85.059677,25.391315],[85.029606,25.408654],[84.988657,25.438703],[84.94387,25.475675]],[[85.370473,23.36453],[85.369227,23.366283],[85.329346,23.413883],[85.315043,23.439888],[85.30204,23.455492],[85.278635,23.506202]],[[85.355222,23.354841],[85.355217,23.35484]],[[85.355217,23.35484],[85.355073,23.354823],[85.32376,23.351596],[85.295928,23.339847],[85.238025,23.312234]],[[84.821208,22.292843],[84.862643,22.254776],[84.891514,22.225905],[84.922757,22.179057]],[[84.327296,21.771914],[84.327277,21.771905]],[[84.327277,21.771905],[84.326477,21.771545],[84.282856,21.749471],[84.222359,21.733859],[84.144299,21.710441],[84.124783,21.755326],[84.064287,21.848998]],[[85.144224,20.837647],[85.144225,20.837649]],[[85.144225,20.837649],[85.144622,20.838192],[85.160081,20.859547],[85.184768,20.885568],[85.223465,20.940278]],[[86.10376,23.761984],[86.10376,23.761979]],[[86.10376,23.761979],[86.101933,23.720632],[86.073782,23.677278]],[[86.05218,22.882578],[86.078171,22.887249],[86.103764,22.886659],[86.120399,22.874872],[86.136394,22.854831],[86.141513,22.835377],[86.138954,22.820637],[86.130636,22.811202]],[[87.373435,23.455575],[87.352409,23.489449],[87.31242,23.516127],[87.289387,23.524041],[87.233403,23.541334]],[[86.47959,23.643837],[86.479587,23.642771],[86.480863,23.614712],[86.517063,23.506823],[86.504267,23.469279],[86.45948,23.419985],[86.427489,23.389461],[86.410854,23.362453],[86.409575,23.326042],[86.385262,23.288446],[86.371186,23.264943],[86.340475,23.247313],[86.293789,23.225402],[86.264357,23.172484],[86.265637,23.127781],[86.259239,23.112484],[86.21957,23.078355],[86.210613,23.069822],[86.178622,23.048632],[86.158148,23.02744],[86.154309,23.008599],[86.11592,22.977977],[86.08137,22.966198],[86.026346,22.950883],[86.037863,22.911999],[86.076252,22.828302]],[[88.375758,23.029697],[88.375765,23.029695]],[[88.375765,23.029695],[88.376485,23.029492],[88.400743,23.023621],[88.421217,23.015382],[88.423777,22.993018],[88.454488,22.982423],[88.468564,22.962408],[88.463445,22.940034],[88.442971,22.915302],[88.440412,22.876427],[88.425056,22.855218],[88.41098,22.817504],[88.402023,22.79157],[88.41098,22.75266],[88.428895,22.706661]],[[84.915668,24.539758],[85.000256,24.613252],[85.024354,24.665156],[85.05772,24.724474],[85.096648,24.765255],[85.09294,24.835695],[85.117038,24.869062],[85.146697,24.917258],[85.215284,24.982137],[85.309822,25.035894],[85.410145,25.084714],[85.448224,25.108514],[85.498204,25.144213],[85.605303,25.189433],[85.712402,25.210853],[85.807602,25.246553],[85.888521,25.296532],[85.9504,25.298912],[86.02418,25.334612],[86.0337,25.401251],[86.093199,25.436951]],[[82.089499,25.546494],[82.129801,25.53819],[82.167079,25.536741],[82.200349,25.54136],[82.254093,25.529813],[82.307838,25.527504],[82.338549,25.513647],[82.374378,25.522885],[82.420445,25.518266],[82.474189,25.515956],[82.527934,25.509027],[82.594474,25.504407],[82.658456,25.502098],[82.724996,25.511337],[82.786418,25.529813],[82.824807,25.532123],[82.849216,25.518106]]]}},{"type":"Feature","properties":{"PipelineName":"Jaigarh-Dabhol Gas Pipeline","SegmentName":"","Wiki":"https://www.gem.wiki/Jaigarh-Dabhol_Gas_Pipeline","ProjectID":"P0930","Status":"operating","LastUpdated":"2023-07-14","Fuel":"Gas","OtherEnglishNames":"","OtherLanguagePrimaryPipelineName":"","OtherLanguageSegmentName":"","CountriesOrAreas":"India","Owner":"Western Concessions Private Ltd [100.%]","Parent":"HE Terminals Pvt Ltd [unknown %]","ParentEntityIDs":"E100001016031","StartYear1":"2021","StartYear2":"","StartYear3":"","ShelvedYear":"","CancelledYear":"","StopYear":"","Capacity":"29.0","CapacityUnits":"MMSCMD","CapacityBcm/y":"10.59","CapacityBOEd":"170607.0","LengthKnownKm":"60.0","LengthEstimateKm":"33.75","LengthMergedKm":"60.0","Diameter":"","DiameterUnits":"","FuelSource":"","StartLocation":"Jaigarh LNG Terminal","StartPrefecture/District":"","StartState/Province":"Ratnagiri","StartCountryOrArea":"India","StartRegion":"Asia","StartSubRegion":"Southern Asia","EndLocation":"Dabhol","EndPrefecture/District":"","EndState/Province":"Maharashtra","EndCountryOrArea":"India","EndRegion":"Asia","EndSubRegion":"Southern Asia","ProjectLevelCost":"","ProjectLevelCostUnits":"","CostUSD":"--","FIDStatus":"","FIDYear":"","PCI3":"","PCI4":"","PCI5":"","PCI6":"","RouteAccuracy":"very low (straight line/schematic)","RouteType":"Mapped route (at any accuracy)","RouteCreator":"WA"},"geometry":{"type":"LineString","coordinates":[[73.22406,17.285725],[73.175392,17.587083]]}},{"type":"Feature","properties":{"PipelineName":"Jaigarh-Mangalore Gas Pipeline","SegmentName":"","Wiki":"https://www.gem.wiki/Jaigarh-Mangalore_Gas_Pipeline","ProjectID":"P0931","Status":"cancelled","LastUpdated":"2024-07-10","Fuel":"Gas","OtherEnglishNames":"JMPL","OtherLanguagePrimaryPipelineName":"","OtherLanguageSegmentName":"","CountriesOrAreas":"India","Owner":"H-Energy [100.%]","Parent":"unknown [unknown %]","ParentEntityIDs":"E100001014939","StartYear1":"2023","StartYear2":"","StartYear3":"","ShelvedYear":"","CancelledYear":"","StopYear":"","Capacity":"17.0","CapacityUnits":"MMSCMD","CapacityBcm/y":"6.21","CapacityBOEd":"100011.0","LengthKnownKm":"635.0","LengthEstimateKm":"662.4","LengthMergedKm":"635.0","Diameter":"","DiameterUnits":"","FuelSource":"","StartLocation":"Jaigarh LNG Terminal","StartPrefecture/District":"","StartState/Province":"Ratnagiri","StartCountryOrArea":"India","StartRegion":"Asia","StartSubRegion":"Southern Asia","EndLocation":"Mangalore","EndPrefecture/District":"","EndState/Province":"Karnataka","EndCountryOrArea":"India","EndRegion":"Asia","EndSubRegion":"Southern Asia","ProjectLevelCost":"","ProjectLevelCostUnits":"","CostUSD":"--","FIDStatus":"","FIDYear":"","PCI3":"","PCI4":"","PCI5":"","PCI6":"","RouteAccuracy":"medium","RouteType":"Mapped route (at any accuracy)","RouteCreator":"WA"},"geometry":{"type":"MultiLineString","coordinates":[[[74.891878,12.861651],[74.911247,13.066268]],[[74.911247,13.066268],[74.764156,13.888742]],[[74.764156,13.888742],[74.606617,14.170289]],[[74.606617,14.170289],[74.490535,14.708271]],[[74.490535,14.708271],[74.150583,15.084874]],[[74.150583,15.084874],[74.051647,15.2417]],[[74.051647,15.2417],[74.026772,15.449593]],[[74.026772,15.449593],[73.927274,15.617355]],[[73.927274,15.617355],[73.927274,15.952466]],[[73.927274,15.952466],[73.811192,16.103881]],[[73.811192,16.103881],[73.778026,16.493837]],[[73.778026,16.493837],[73.628779,16.716317]],[[73.628779,16.716317],[73.645362,16.930607]],[[73.645362,16.930607],[73.346867,17.390105]],[[74.606617,14.170289],[74.540284,14.459515],[74.490535,14.708271]],[[74.490535,14.708271],[74.341288,14.884635],[74.150583,15.084874]]]}},{"type":"Feature","properties":{"PipelineName":"KG Basin Gas Pipeline","SegmentName":"","Wiki":"https://www.gem.wiki/KG_Basin_Gas_Pipeline","ProjectID":"P0933","Status":"operating","LastUpdated":"2023-07-14","Fuel":"Gas","OtherEnglishNames":"","OtherLanguagePrimaryPipelineName":"","OtherLanguageSegmentName":"","CountriesOrAreas":"India","Owner":"GAIL (India) Ltd [100.%]","Parent":"GAIL Ltd [100.00%]","ParentEntityIDs":"E100000000513","StartYear1":"1991","StartYear2":"","StartYear3":"","ShelvedYear":"","CancelledYear":"","StopYear":"","Capacity":"16.0","CapacityUnits":"MMSCMD","CapacityBcm/y":"5.84","CapacityBOEd":"94128.0","LengthKnownKm":"877.86","LengthEstimateKm":"363.89","LengthMergedKm":"877.86","Diameter":"","DiameterUnits":"","FuelSource":"Krishna Godavari Field","StartLocation":"","StartPrefecture/District":"","StartState/Province":"","StartCountryOrArea":"India","StartRegion":"Asia","StartSubRegion":"Southern Asia","EndLocation":"","EndPrefecture/District":"","EndState/Province":"Andhra Pradesh","EndCountryOrArea":"India","EndRegion":"Asia","EndSubRegion":"Southern Asia","ProjectLevelCost":"","ProjectLevelCostUnits":"","CostUSD":"--","FIDStatus":"","FIDYear":"","PCI3":"","PCI4":"","PCI5":"","PCI6":"","RouteAccuracy":"high","RouteType":"Mapped route (at any accuracy)","RouteCreator":"WA"},"geometry":{"type":"MultiLineString","coordinates":[[[82.060898,15.982519],[82.020356,16.654537]],[[82.020356,16.654537],[82.131513,16.58177],[82.037436,16.679072]],[[82.037436,16.679072],[81.720151,17.007231]],[[82.020356,16.654537],[82.037436,16.679072]],[[82.037436,16.679072],[82.24003,16.970089]],[[81.89159,16.481701],[80.539416,16.619223]],[[82.020356,16.654537],[81.89159,16.481701]]]}},{"type":"Feature","properties":{"PipelineName":"Kochi-Koottanad-Bangalore-Mangalore Gas Pipeline","SegmentName":"Phase I","Wiki":"https://www.gem.wiki/Kochi-Koottanad-Bangalore-Mangalore_Gas_Pipeline","ProjectID":"P0934","Status":"operating","LastUpdated":"2023-07-14","Fuel":"Gas","OtherEnglishNames":"KKBMPL","OtherLanguagePrimaryPipelineName":"","OtherLanguageSegmentName":"","CountriesOrAreas":"India","Owner":"GAIL (India) Ltd [100.%]","Parent":"GAIL Ltd [100.00%]","ParentEntityIDs":"E100000000513","StartYear1":"2019","StartYear2":"","StartYear3":"","ShelvedYear":"","CancelledYear":"","StopYear":"","Capacity":"16.0","CapacityUnits":"MMSCMD","CapacityBcm/y":"5.84","CapacityBOEd":"94128.0","LengthKnownKm":"44.0","LengthEstimateKm":"375.14","LengthMergedKm":"44.0","Diameter":"","DiameterUnits":"","FuelSource":"","StartLocation":"Kochi","StartPrefecture/District":"","StartState/Province":"Kerala","StartCountryOrArea":"India","StartRegion":"Asia","StartSubRegion":"Southern Asia","EndLocation":"Kochi","EndPrefecture/District":"","EndState/Province":"Kerala","EndCountryOrArea":"India","EndRegion":"Asia","EndSubRegion":"Southern Asia","ProjectLevelCost":"","ProjectLevelCostUnits":"","CostUSD":"--","FIDStatus":"","FIDYear":"","PCI3":"","PCI4":"","PCI5":"","PCI6":"","RouteAccuracy":"high","RouteType":"Mapped route (at any accuracy)","RouteCreator":"WA"},"geometry":{"type":"MultiLineString","coordinates":[[[76.196663,10.058789],[76.192136,10.156843],[76.232881,10.192491],[76.236627,10.19034]],[[76.236627,10.19034],[76.287208,10.161299],[76.314371,10.072162]],[[76.237408,10.188035],[76.236627,10.19034]],[[76.236627,10.19034],[76.187608,10.335045],[76.137809,10.481986],[76.038209,10.762316],[76.004968,10.834991],[76.008503,11.223578],[75.85749,11.503232],[75.661733,11.722375],[75.430521,12.140007],[75.337811,12.17635],[75.19072,12.406301],[75.109819,12.636049],[74.891878,12.861651]]]}},{"type":"Feature","properties":{"PipelineName":"Kukrahati-Itinda Gas Pipeline","SegmentName":"","Wiki":"https://www.gem.wiki/Kukrahati-Itinda_Gas_Pipeline","ProjectID":"P0935","Status":"cancelled","LastUpdated":"2025-07-15","Fuel":"Gas","OtherEnglishNames":"","OtherLanguagePrimaryPipelineName":"","OtherLanguageSegmentName":"","CountriesOrAreas":"India","Owner":"H-Energy [100.%]","Parent":"unknown [unknown %]","ParentEntityIDs":"E100001014939","StartYear1":"2024","StartYear2":"","StartYear3":"","ShelvedYear":"","CancelledYear":"","StopYear":"","Capacity":"18.0","CapacityUnits":"MMSCMD","CapacityBcm/y":"6.57","CapacityBOEd":"105894.0","LengthKnownKm":"125.0","LengthEstimateKm":"98.06","LengthMergedKm":"125.0","Diameter":"","DiameterUnits":"","FuelSource":"","StartLocation":"Kukrahati","StartPrefecture/District":"","StartState/Province":"West Bengal","StartCountryOrArea":"India","StartRegion":"Asia","StartSubRegion":"Southern Asia","EndLocation":"Itinda","EndPrefecture/District":"","EndState/Province":"West Bengal","EndCountryOrArea":"India","EndRegion":"Asia","EndSubRegion":"Southern Asia","ProjectLevelCost":"","ProjectLevelCostUnits":"","CostUSD":"27300000.0","FIDStatus":"","FIDYear":"","PCI3":"","PCI4":"","PCI5":"","PCI6":"","RouteAccuracy":"very low (straight line/schematic)","RouteType":"Mapped route (at any accuracy)","RouteCreator":"WA"},"geometry":{"type":"LineString","coordinates":[[88.118784,22.18667],[88.914345,22.673621]]}},{"type":"Feature","properties":{"PipelineName":"Langtala-Bhilwara Gas Pipeline","SegmentName":"","Wiki":"https://www.gem.wiki/Langtala-Bihilwara_Gas_Pipeline","ProjectID":"P0936","Status":"cancelled","LastUpdated":"2023-07-20","Fuel":"Gas","OtherEnglishNames":"","OtherLanguagePrimaryPipelineName":"","OtherLanguageSegmentName":"","CountriesOrAreas":"India","Owner":"Focus Energy [100.%]","Parent":"unknown [unknown %]","ParentEntityIDs":"E100001014761","StartYear1":"","StartYear2":"","StartYear3":"","ShelvedYear":"","CancelledYear":"2019","StopYear":"","Capacity":"1.83","CapacityUnits":"bcm/y","CapacityBcm/y":"1.83","CapacityBOEd":"29495.59","LengthKnownKm":"580.0","LengthEstimateKm":"530.78","LengthMergedKm":"580.0","Diameter":"","DiameterUnits":"","FuelSource":"SGL Field","StartLocation":"Langtala","StartPrefecture/District":"","StartState/Province":"Rajasthan","StartCountryOrArea":"India","StartRegion":"Asia","StartSubRegion":"Southern Asia","EndLocation":"Bhilwara","EndPrefecture/District":"","EndState/Province":"Rajasthan","EndCountryOrArea":"India","EndRegion":"Asia","EndSubRegion":"Southern Asia","ProjectLevelCost":"","ProjectLevelCostUnits":"","CostUSD":"--","FIDStatus":"","FIDYear":"","PCI3":"","PCI4":"","PCI5":"","PCI6":"","RouteAccuracy":"very low (straight line/schematic)","RouteType":"Mapped route (at any accuracy)","RouteCreator":"WA"},"geometry":{"type":"LineString","coordinates":[[69.68137,27.161626],[74.587448,25.322489]]}},{"type":"Feature","properties":{"PipelineName":"Low Pressure Gujarat Gas Grid Network","SegmentName":"","Wiki":"https://www.gem.wiki/Low_Pressure_Gujarat_Gas_Grid_Network","ProjectID":"P0937","Status":"operating","LastUpdated":"2023-07-20","Fuel":"Gas","OtherEnglishNames":"","OtherLanguagePrimaryPipelineName":"","OtherLanguageSegmentName":"","CountriesOrAreas":"India","Owner":"Gujarat State Petronet [100.%]","Parent":"unknown [unknown %]","ParentEntityIDs":"E100000153049","StartYear1":"2000","StartYear2":"","StartYear3":"","ShelvedYear":"","CancelledYear":"","StopYear":"","Capacity":"12.0","CapacityUnits":"MMSCMD","CapacityBcm/y":"4.38","CapacityBOEd":"70596.0","LengthKnownKm":"58.0","LengthEstimateKm":"158.43","LengthMergedKm":"58.0","Diameter":"","DiameterUnits":"","FuelSource":"","StartLocation":"Eklera","StartPrefecture/District":"","StartState/Province":"Gujarat","StartCountryOrArea":"India","StartRegion":"Asia","StartSubRegion":"Southern Asia","EndLocation":"Hazira","EndPrefecture/District":"","EndState/Province":"Gujarat","EndCountryOrArea":"India","EndRegion":"Asia","EndSubRegion":"Southern Asia","ProjectLevelCost":"","ProjectLevelCostUnits":"","CostUSD":"--","FIDStatus":"","FIDYear":"","PCI3":"","PCI4":"","PCI5":"","PCI6":"","RouteAccuracy":"medium","RouteType":"Mapped route (at any accuracy)","RouteCreator":"WA"},"geometry":{"type":"LineString","coordinates":[[73.222,20.2399],[72.957,20.5854],[72.6595,21.1704],[72.8598,21.227],[72.702,21.166]]}},{"type":"Feature","properties":{"PipelineName":"Mallavaram-Bhopal-Bhilwara-Vijaipur Gas Pipeline","SegmentName":"Phase I","Wiki":"https://www.gem.wiki/Mallavaram-Bhopal-Bhilwara-Vijaipur_Gas_Pipeline","ProjectID":"P0938","Status":"operating","LastUpdated":"2023-07-20","Fuel":"Gas","OtherEnglishNames":"MBBVPL","OtherLanguagePrimaryPipelineName":"","OtherLanguageSegmentName":"","CountriesOrAreas":"India","Owner":"Gujarat State Petronet [100.%]","Parent":"unknown [unknown %]","ParentEntityIDs":"E100000153049","StartYear1":"2021","StartYear2":"","StartYear3":"","ShelvedYear":"","CancelledYear":"","StopYear":"","Capacity":"78.25","CapacityUnits":"MMSCMD","CapacityBcm/y":"28.56","CapacityBOEd":"460344.75","LengthKnownKm":"365.0","LengthEstimateKm":"337.4","LengthMergedKm":"365.0","Diameter":"","DiameterUnits":"","FuelSource":"","StartLocation":"Kunchanapalli","StartPrefecture/District":"","StartState/Province":"Andhra Pradesh","StartCountryOrArea":"India","StartRegion":"Asia","StartSubRegion":"Southern Asia","EndLocation":"Ramagundam","EndPrefecture/District":"","EndState/Province":"Telangana","EndCountryOrArea":"India","EndRegion":"Asia","EndSubRegion":"Southern Asia","ProjectLevelCost":"","ProjectLevelCostUnits":"","CostUSD":"--","FIDStatus":"","FIDYear":"","PCI3":"","PCI4":"","PCI5":"","PCI6":"","RouteAccuracy":"high","RouteType":"Mapped route (at any accuracy)","RouteCreator":"WA"},"geometry":{"type":"LineString","coordinates":[[81.784996,16.805421],[81.646943,16.847707],[81.566537,16.915394],[81.436927,16.985599],[81.404524,16.982899],[81.334319,17.107108],[81.193908,17.209717],[81.069698,17.231318],[80.95899,17.285322],[80.891773,17.309276],[80.774865,17.311258],[80.671828,17.329091],[80.580679,17.325128],[80.503401,17.32711],[80.44792,17.354851],[80.374605,17.356832],[80.305252,17.414295],[80.224012,17.467796],[80.190326,17.493555],[80.140789,17.582722],[80.017937,17.646129],[80.010011,17.711519],[79.948585,17.850223],[79.952548,17.937408],[79.94264,18.000816],[79.885177,18.072149],[79.860368,18.17723],[79.854424,18.236675],[79.856405,18.321879],[79.824702,18.464546],[79.737516,18.53588],[79.664201,18.577491]]}},{"type":"Feature","properties":{"PipelineName":"Mehsana-Bhatinda Gas Pipeline","SegmentName":"Phase I","Wiki":"https://www.gem.wiki/Mehsana-Bhatinda_Gas_Pipeline","ProjectID":"P0941","Status":"operating","LastUpdated":"2023-07-20","Fuel":"Gas","OtherEnglishNames":"","OtherLanguagePrimaryPipelineName":"","OtherLanguageSegmentName":"","CountriesOrAreas":"India","Owner":"Gujarat State Petronet [52.%]; Indian Oil Corp [26.%]; BPCL Group [11.%]; Hindustan Petroleum [11.%]","Parent":"Indian Oil Corporation Ltd [26.00%]; Bharat Petroleum Corp Ltd [11.00%]; Hindustan Petroleum Corp Ltd [11.00%]; unknown [unknown %]","ParentEntityIDs":"E100000153049; E100000001918; E100000000509; E100000001917","StartYear1":"2022","StartYear2":"","StartYear3":"","ShelvedYear":"","CancelledYear":"","StopYear":"","Capacity":"80.11","CapacityUnits":"MMSCMD","CapacityBcm/y":"29.24","CapacityBOEd":"471287.13","LengthKnownKm":"1177.0","LengthEstimateKm":"2317.0","LengthMergedKm":"1177.0","Diameter":"","DiameterUnits":"","FuelSource":"","StartLocation":"Mehsana","StartPrefecture/District":"","StartState/Province":"Gujarat","StartCountryOrArea":"India","StartRegion":"Asia","StartSubRegion":"Southern Asia","EndLocation":"Bhatinda","EndPrefecture/District":"","EndState/Province":"Punjab","EndCountryOrArea":"India","EndRegion":"Asia","EndSubRegion":"Southern Asia","ProjectLevelCost":"","ProjectLevelCostUnits":"","CostUSD":"955674720.0","FIDStatus":"","FIDYear":"","PCI3":"","PCI4":"","PCI5":"","PCI6":"","RouteAccuracy":"high","RouteType":"Mapped route (at any accuracy)","RouteCreator":"WA"},"geometry":{"type":"MultiLineString","coordinates":[[[72.350832,24.140246],[72.54024,24.354779],[72.841746,24.563515],[73.091069,24.795442],[73.398167,25.183661]],[[73.398167,25.183661],[73.398373,25.183922],[73.698345,25.64138],[73.698346,25.641381]],[[73.698346,25.641381],[74.192254,26.258765],[74.615604,26.317564],[75.080113,26.546878],[75.385866,26.811472],[75.362653,27.03457]],[[75.362653,27.03457],[75.319895,27.44552],[75.319895,27.71521],[75.328323,27.934333],[75.336751,28.608557],[75.319895,29.046803],[75.244045,29.341776],[75.176623,29.510332],[75.134484,29.653605],[75.117628,29.931722],[75.142911,30.302545],[75.168195,30.454246],[75.252473,30.63123],[75.36202,30.875606]],[[75.36202,30.875606],[75.362034,30.875636],[75.362034,30.943058],[75.513735,31.246459],[75.446312,31.499293],[75.421029,31.693133],[75.421031,31.693149]],[[75.421031,31.693149],[75.446312,31.861689],[75.514414,32.189381],[75.537188,32.348796],[75.4404,32.439891],[75.195584,32.508211],[75.098796,32.610692],[75.115877,32.696093],[75.150037,32.969376],[75.258211,33.128791],[75.275292,33.225579],[75.150037,33.390687],[75.144344,33.675357],[75.024782,33.942946]],[[74.925388,31.661076],[75.421031,31.693149]],[[75.421031,31.693149],[75.421053,31.69315]],[[74.669049,30.972163],[74.845519,30.972163],[75.082148,30.903982],[75.158351,30.903982],[75.36202,30.875606]],[[75.36202,30.875606],[75.36209,30.875596]],[[75.320005,29.047611],[75.855618,29.097827],[76.679754,29.008731],[76.711574,29.546487]],[[76.957624,28.167777],[76.696091,28.013036],[76.397507,27.816886],[76.26674,27.716632],[76.122897,27.607659],[76.064052,27.479072],[75.961618,27.337408],[75.87444,27.217539],[75.748032,27.110746],[75.57556,27.074873],[75.362653,27.03457]],[[75.362653,27.03457],[75.362641,27.034568]],[[74.615678,26.317518],[74.633875,26.148105],[74.609765,26.001032],[74.62182,25.820205],[74.566367,25.704476],[74.537434,25.55017],[74.50368,25.376576],[74.554311,25.178872],[74.653164,24.988401],[74.414472,24.879904],[74.244591,24.79457],[74.098002,24.757923],[73.945916,24.719444],[73.821315,24.625993],[73.773674,24.572854]],[[71.662271,25.315123],[72.23067,25.30364],[72.497645,25.134269],[72.80194,25.082596],[73.200967,25.134269],[73.398167,25.183661]],[[73.398167,25.183661],[73.398197,25.183669]],[[73.017353,26.169479],[73.210792,26.043206],[73.447217,25.830961],[73.545299,25.732741],[73.698346,25.641381]],[[73.698346,25.641381],[73.698352,25.641378]]]}},{"type":"Feature","properties":{"PipelineName":"Mumbai Regional Natural Gas Pipeline Network","SegmentName":"","Wiki":"https://www.gem.wiki/Mumbai_Regional_Natural_Gas_Pipeline_Network","ProjectID":"P0943","Status":"operating","LastUpdated":"2023-07-20","Fuel":"Gas","OtherEnglishNames":"","OtherLanguagePrimaryPipelineName":"","OtherLanguageSegmentName":"","CountriesOrAreas":"India","Owner":"GAIL (India) Ltd [100.%]","Parent":"GAIL Ltd [100.00%]","ParentEntityIDs":"E100000000513","StartYear1":"","StartYear2":"","StartYear3":"","ShelvedYear":"","CancelledYear":"","StopYear":"","Capacity":"7.04","CapacityUnits":"MMSCMD","CapacityBcm/y":"2.57","CapacityBOEd":"41416.32","LengthKnownKm":"128.68","LengthEstimateKm":"49.89","LengthMergedKm":"128.68","Diameter":"","DiameterUnits":"","FuelSource":"","StartLocation":"Uran","StartPrefecture/District":"","StartState/Province":"Maharashtra","StartCountryOrArea":"India","StartRegion":"Asia","StartSubRegion":"Southern Asia","EndLocation":"Trombay","EndPrefecture/District":"","EndState/Province":"Maharashtra","EndCountryOrArea":"India","EndRegion":"Asia","EndSubRegion":"Southern Asia","ProjectLevelCost":"","ProjectLevelCostUnits":"","CostUSD":"--","FIDStatus":"","FIDYear":"","PCI3":"","PCI4":"","PCI5":"","PCI6":"","RouteAccuracy":"low","RouteType":"Mapped route (at any accuracy)","RouteCreator":"WA"},"geometry":{"type":"LineString","coordinates":[[72.96,18.599],[72.868,18.697],[72.932,18.867],[72.899,19.002]]}},{"type":"Feature","properties":{"PipelineName":"Mumbai-Uran Trunk Line (MUT)","SegmentName":"","Wiki":"https://www.gem.wiki/Mumbai-Uran_Trunk_Line_(MUT)","ProjectID":"P0944","Status":"operating","LastUpdated":"2023-07-20","Fuel":"Gas","OtherEnglishNames":"","OtherLanguagePrimaryPipelineName":"","OtherLanguageSegmentName":"","CountriesOrAreas":"India","Owner":"Oil and Natural Gas Corp Ltd [100.%]","Parent":"Oil and Natural Gas Corporation Ltd [100.00%]","ParentEntityIDs":"E100000000524","StartYear1":"2005","StartYear2":"","StartYear3":"","ShelvedYear":"","CancelledYear":"","StopYear":"","Capacity":"4.47","CapacityUnits":"bcm/y","CapacityBcm/y":"4.47","CapacityBOEd":"72046.6","LengthKnownKm":"204.0","LengthEstimateKm":"145.72","LengthMergedKm":"204.0","Diameter":"28.0","DiameterUnits":"in","FuelSource":"Mumbai High Gas Field","StartLocation":"","StartPrefecture/District":"","StartState/Province":"Offshore India","StartCountryOrArea":"India","StartRegion":"Asia","StartSubRegion":"Southern Asia","EndLocation":"Uran","EndPrefecture/District":"","EndState/Province":"Maharashtra","EndCountryOrArea":"India","EndRegion":"Asia","EndSubRegion":"Southern Asia","ProjectLevelCost":"","ProjectLevelCostUnits":"","CostUSD":"--","FIDStatus":"","FIDYear":"","PCI3":"","PCI4":"","PCI5":"","PCI6":"","RouteAccuracy":"very low (straight line/schematic)","RouteType":"Mapped route (at any accuracy)","RouteCreator":"WA"},"geometry":{"type":"LineString","coordinates":[[71.56973,19.123791],[72.929064,18.876499]]}},{"type":"Feature","properties":{"PipelineName":"Shahdol-Phulpur Gas Pipeline","SegmentName":"","Wiki":"https://www.gem.wiki/Shahdol-Phulpur_Gas_Pipeline","ProjectID":"P0953","Status":"operating","LastUpdated":"2023-07-20","Fuel":"Gas","OtherEnglishNames":"","OtherLanguagePrimaryPipelineName":"","OtherLanguageSegmentName":"","CountriesOrAreas":"India","Owner":"Reliance Industries Ltd [100.%]","Parent":"Reliance Industries Ltd [100.00%]","ParentEntityIDs":"E100000121175","StartYear1":"2017","StartYear2":"","StartYear3":"","ShelvedYear":"","CancelledYear":"","StopYear":"","Capacity":"3.5","CapacityUnits":"MMSCMD","CapacityBcm/y":"1.28","CapacityBOEd":"20590.5","LengthKnownKm":"312.0","LengthEstimateKm":"506.22","LengthMergedKm":"312.0","Diameter":"","DiameterUnits":"","FuelSource":"Sohagpur CBM Fields","StartLocation":"Shadol","StartPrefecture/District":"","StartState/Province":"Madya Pradesh","StartCountryOrArea":"India","StartRegion":"Asia","StartSubRegion":"Southern Asia","EndLocation":"Phulpur","EndPrefecture/District":"","EndState/Province":"Uttar Pradesh","EndCountryOrArea":"India","EndRegion":"Asia","EndSubRegion":"Southern Asia","ProjectLevelCost":"","ProjectLevelCostUnits":"","CostUSD":"--","FIDStatus":"","FIDYear":"","PCI3":"","PCI4":"","PCI5":"","PCI6":"","RouteAccuracy":"very low (straight line/schematic)","RouteType":"Mapped route (at any accuracy)","RouteCreator":"WA"},"geometry":{"type":"LineString","coordinates":[[78.193753,22.70181],[82.088127,25.551269]]}},{"type":"Feature","properties":{"PipelineName":"Srikakulam-Angul Gas Pipeline","SegmentName":"","Wiki":"https://www.gem.wiki/Srikakulam-Angul_Gas_Pipeline","ProjectID":"P0954","Status":"construction","LastUpdated":"2025-07-15","Fuel":"Gas","OtherEnglishNames":"Srikakulam Angul Pipeline Project","OtherLanguagePrimaryPipelineName":"","OtherLanguageSegmentName":"","CountriesOrAreas":"India","Owner":"GAIL (India) Ltd [100.%]","Parent":"GAIL Ltd [100.00%]","ParentEntityIDs":"E100000000513","StartYear1":"2025","StartYear2":"","StartYear3":"","ShelvedYear":"","CancelledYear":"","StopYear":"","Capacity":"6.65","CapacityUnits":"MMSCMD","CapacityBcm/y":"2.43","CapacityBOEd":"39121.95","LengthKnownKm":"690.0","LengthEstimateKm":"679.25","LengthMergedKm":"690.0","Diameter":"","DiameterUnits":"","FuelSource":"","StartLocation":"Srikakulam","StartPrefecture/District":"","StartState/Province":"Andhra Pradesh","StartCountryOrArea":"India","StartRegion":"Asia","StartSubRegion":"Southern Asia","EndLocation":"Angul","EndPrefecture/District":"","EndState/Province":"Odisha","EndCountryOrArea":"India","EndRegion":"Asia","EndSubRegion":"Southern Asia","ProjectLevelCost":"","ProjectLevelCostUnits":"","CostUSD":"--","FIDStatus":"","FIDYear":"","PCI3":"","PCI4":"","PCI5":"","PCI6":"","RouteAccuracy":"medium","RouteType":"Mapped route (at any accuracy)","RouteCreator":"WA"},"geometry":{"type":"MultiLineString","coordinates":[[[83.889801,18.296175],[83.966705,18.358058],[84.066439,18.436163],[84.116906,18.476417],[84.155358,18.529288],[84.210132,18.577965],[84.256427,18.632475],[84.289282,18.652636],[84.331098,18.685491],[84.354246,18.715359],[84.397555,18.736267],[84.411742,18.787043],[84.443104,18.793017],[84.496867,18.850513],[84.511801,18.884115],[84.554363,18.919957],[84.590311,18.99432],[84.597768,19.031604],[84.583683,19.075517],[84.583203,19.130541],[84.596449,19.220318],[84.569071,19.230589],[84.560485,19.245307],[84.564165,19.293139],[84.580109,19.374085],[84.591147,19.408426],[84.605865,19.467297],[84.610754,19.479518]],[[84.610754,19.479518],[84.610771,19.479561],[84.629006,19.565555],[84.644748,19.597868],[84.687832,19.630181],[84.695289,19.630181],[84.701088,19.722149],[84.725116,19.761919],[84.755772,19.792575],[84.778971,19.817431],[84.851882,19.878742],[84.897452,19.918512],[84.927279,19.95911],[84.942193,19.986452],[84.967877,20.015451],[84.978648,20.019594],[85.0433,20.019875],[85.081436,20.045752],[85.095737,20.074354],[85.107313,20.094784],[85.129786,20.147901],[85.170645,20.186717],[85.279628,20.315983],[85.313133,20.357659],[85.331928,20.398518],[85.368702,20.471248],[85.43898,20.546429],[85.452055,20.566042],[85.378508,20.64204],[85.316402,20.693523],[85.309047,20.721307],[85.327842,20.745823],[85.349906,20.788317],[85.349906,20.799757],[85.268188,20.865132],[85.154599,20.868401]],[[84.610771,19.479534],[84.610754,19.479518]],[[84.610754,19.479518],[84.56714,19.438804],[84.522597,19.396595],[84.492767,19.41907],[84.474583,19.431329],[84.416148,19.485269],[84.378564,19.483033],[84.325928,19.467303],[84.24879,19.42344],[84.167125,19.476112],[84.130284,19.481307],[84.068881,19.474222],[84.036291,19.472333],[84.015494,19.442391],[83.972312,19.384319],[83.91424,19.318305],[83.875028,19.28902],[83.83135,19.260729],[83.789657,19.234919],[83.741015,19.223999],[83.705278,19.216554],[83.677979,19.221021],[83.644228,19.242364],[83.623381,19.260233],[83.618418,19.305896],[83.596176,19.34311],[83.584117,19.410639],[83.57045,19.437169],[83.554372,19.477365],[83.538293,19.512738],[83.527842,19.541679],[83.511764,19.573836],[83.502117,19.622072],[83.490862,19.721758],[83.409097,19.752865]],[[83.623381,19.260232],[83.588224,19.253164],[83.521603,19.249329],[83.472235,19.250288],[83.45546,19.257477],[83.374939,19.255081],[83.33324,19.22872],[83.245529,19.167849],[83.214331,19.163112],[83.154846,19.160354],[83.116634,19.176506],[83.086694,19.1899],[83.067391,19.199748],[83.037452,19.209597],[83.025193,19.178475],[83.013667,19.129091],[83.00456,19.098896],[82.994974,19.046173],[82.983471,19.00783],[82.97101,18.975238],[82.970051,18.960859],[82.959507,18.925871],[82.918355,18.840053]]]}},{"type":"Feature","properties":{"PipelineName":"Surat-Paradip Gas Pipeline","SegmentName":"","Wiki":"https://www.gem.wiki/Surat-Paradip_Gas_Pipeline","ProjectID":"P0955","Status":"cancelled","LastUpdated":"2023-07-21","Fuel":"Gas","OtherEnglishNames":"","OtherLanguagePrimaryPipelineName":"","OtherLanguageSegmentName":"","CountriesOrAreas":"India","Owner":"GAIL (India) Ltd [100.%]","Parent":"GAIL Ltd [100.00%]","ParentEntityIDs":"E100000000513","StartYear1":"","StartYear2":"","StartYear3":"","ShelvedYear":"","CancelledYear":"2018","StopYear":"","Capacity":"27.3","CapacityUnits":"bcm/y","CapacityBcm/y":"27.3","CapacityBOEd":"440016.16","LengthKnownKm":"2112.0","LengthEstimateKm":"1461.48","LengthMergedKm":"2112.0","Diameter":"","DiameterUnits":"","FuelSource":"","StartLocation":"Surat","StartPrefecture/District":"","StartState/Province":"Gujarat","StartCountryOrArea":"India","StartRegion":"Asia","StartSubRegion":"Southern Asia","EndLocation":"Paradip","EndPrefecture/District":"","EndState/Province":"Odisha","EndCountryOrArea":"India","EndRegion":"Asia","EndSubRegion":"Southern Asia","ProjectLevelCost":"","ProjectLevelCostUnits":"","CostUSD":"--","FIDStatus":"","FIDYear":"","PCI3":"","PCI4":"","PCI5":"","PCI6":"","RouteAccuracy":"medium","RouteType":"Mapped route (at any accuracy)","RouteCreator":"WA"},"geometry":{"type":"LineString","coordinates":[[72.808,21.168],[73.067,21.311],[73.672,21.106],[75.163,20.952],[75.78,20.959],[76.645,20.935],[77.816,20.906],[78.568,20.965],[79.392,21.01],[80.338,21.05],[82.95,20.997],[84.332,20.746],[85.191,20.339],[85.297,20.308],[86.626,20.276]]}},{"type":"Feature","properties":{"PipelineName":"Vijaipur-Auraiya-Pulphur Gas Pipeline","SegmentName":"","Wiki":"https://www.gem.wiki/Vijaipur-Auraiya-Phulpur_Pipeline","ProjectID":"P0957","Status":"operating","LastUpdated":"2023-07-21","Fuel":"Gas","OtherEnglishNames":"","OtherLanguagePrimaryPipelineName":"","OtherLanguageSegmentName":"","CountriesOrAreas":"India","Owner":"GAIL (India) Ltd [100.%]","Parent":"GAIL Ltd [100.00%]","ParentEntityIDs":"E100000000513","StartYear1":"2022","StartYear2":"","StartYear3":"","ShelvedYear":"","CancelledYear":"","StopYear":"","Capacity":"3.2","CapacityUnits":"bcm/y","CapacityBcm/y":"3.2","CapacityBOEd":"51576.99","LengthKnownKm":"667.0","LengthEstimateKm":"599.13","LengthMergedKm":"667.0","Diameter":"","DiameterUnits":"","FuelSource":"","StartLocation":"Vijaipur","StartPrefecture/District":"","StartState/Province":"Gujarat","StartCountryOrArea":"India","StartRegion":"Asia","StartSubRegion":"Southern Asia","EndLocation":"Phulpur","EndPrefecture/District":"","EndState/Province":"Uttar Pradesh","EndCountryOrArea":"India","EndRegion":"Asia","EndSubRegion":"Southern Asia","ProjectLevelCost":"","ProjectLevelCostUnits":"","CostUSD":"--","FIDStatus":"","FIDYear":"","PCI3":"","PCI4":"","PCI5":"","PCI6":"","RouteAccuracy":"low","RouteType":"Mapped route (at any accuracy)","RouteCreator":"WA"},"geometry":{"type":"LineString","coordinates":[[77.141057,24.485905],[79.493379,26.4604],[82.070402,25.550881]]}},{"type":"Feature","properties":{"PipelineName":"North East Natural Gas Pipeline Grid Project","SegmentName":"","Wiki":"https://www.gem.wiki/North_East_Natural_Gas_Pipeline_Grid_Project","ProjectID":"P1309","Status":"construction","LastUpdated":"2025-07-15","Fuel":"Gas","OtherEnglishNames":"","OtherLanguagePrimaryPipelineName":"","OtherLanguageSegmentName":"","CountriesOrAreas":"India","Owner":"Indradhanush Gas Grid Ltd (IGGL) [100.%]","Parent":"Oil India Ltd [33.90%]; GAIL Ltd [20.00%]; Indian Oil Corporation Ltd [20.00%]; Oil and Natural Gas Corporation Ltd [20.00%]; Numaligarh Refinery Ltd [5.20%]; small shareholder(s) [0.90%]","ParentEntityIDs":"E100001015061","StartYear1":"2026","StartYear2":"","StartYear3":"","ShelvedYear":"","CancelledYear":"","StopYear":"","Capacity":"4.75","CapacityUnits":"MMSCMD","CapacityBcm/y":"1.73","CapacityBOEd":"27944.25","LengthKnownKm":"1656.0","LengthEstimateKm":"1084.24","LengthMergedKm":"1656.0","Diameter":"","DiameterUnits":"","FuelSource":"","StartLocation":"Guwahati","StartPrefecture/District":"","StartState/Province":"Assam","StartCountryOrArea":"India","StartRegion":"Asia","StartSubRegion":"Southern Asia","EndLocation":"Itanagar, Agartala, Imphal","EndPrefecture/District":"","EndState/Province":"","EndCountryOrArea":"India","EndRegion":"Asia","EndSubRegion":"Southern Asia","ProjectLevelCost":"","ProjectLevelCostUnits":"","CostUSD":"1204450000.0","FIDStatus":"","FIDYear":"","PCI3":"","PCI4":"","PCI5":"","PCI6":"","RouteAccuracy":"medium","RouteType":"Mapped route (at any accuracy)","RouteCreator":"WA"},"geometry":{"type":"MultiLineString","coordinates":[[[91.73278,26.138092],[91.9025,25.487498],[92.329943,25.132343],[92.66624,24.783474],[92.842193,24.764622]],[[92.842193,24.764622],[92.842246,24.764616],[93.017321,24.659975],[93.348525,24.601212],[93.636994,24.56916],[93.856016,24.617238],[93.941488,24.809551]],[[92.842223,24.76465],[92.842193,24.764622]],[[92.842193,24.764622],[92.583697,24.516516],[92.457143,24.335724],[92.233231,24.246577],[92.174246,24.218819],[92.089237,24.133811],[91.936569,24.086969],[91.837681,23.989816],[91.776961,23.951649],[91.648581,23.934301],[91.447336,23.75214]],[[92.457171,24.33572],[92.610005,24.093038],[92.634783,23.625174],[92.741728,23.487323]],[[91.732779,26.138093],[91.941678,26.20475],[92.297185,26.2624],[92.429299,26.298431],[92.506165,26.411328],[92.631073,26.442555],[92.823239,26.555453],[92.966002,26.573636],[93.155766,26.600059],[93.501665,26.626482]],[[93.501665,26.626482],[93.511308,27.115025],[93.544937,27.299985]],[[93.501665,26.626482],[93.715722,26.641392],[93.926285,26.585706],[93.893209,26.166676],[93.856716,26.12589],[93.79661,25.864]],[[88.327278,26.816665],[88.442932,27.045749],[88.489638,27.252592],[88.569707,27.43497]]]}},{"type":"Feature","properties":{"PipelineName":"Kakinada-Vijayawada-Nellore Gas Pipeline","SegmentName":"","Wiki":"https://www.gem.wiki/Kakinada-Vijayawada-Nellore_Gas_Pipeline","ProjectID":"P1434","Status":"construction","LastUpdated":"2025-07-16","Fuel":"Gas","OtherEnglishNames":"KVNPL","OtherLanguagePrimaryPipelineName":"","OtherLanguageSegmentName":"","CountriesOrAreas":"India","Owner":"IMC Ltd [100.%]","Parent":"unknown [unknown %]","ParentEntityIDs":"E100001015050","StartYear1":"2024","StartYear2":"","StartYear3":"","ShelvedYear":"","CancelledYear":"","StopYear":"","Capacity":"18.0","CapacityUnits":"MMSCMD","CapacityBcm/y":"6.57","CapacityBOEd":"105894.0","LengthKnownKm":"667.0","LengthEstimateKm":"460.75","LengthMergedKm":"667.0","Diameter":"","DiameterUnits":"","FuelSource":"","StartLocation":"Kakinada","StartPrefecture/District":"East Godavari","StartState/Province":"Andhra Pradesh","StartCountryOrArea":"India","StartRegion":"Asia","StartSubRegion":"Southern Asia","EndLocation":"Nellore","EndPrefecture/District":"","EndState/Province":"Andhra Pradesh","EndCountryOrArea":"India","EndRegion":"Asia","EndSubRegion":"Southern Asia","ProjectLevelCost":"","ProjectLevelCostUnits":"","CostUSD":"--","FIDStatus":"","FIDYear":"","PCI3":"","PCI4":"","PCI5":"","PCI6":"","RouteAccuracy":"medium","RouteType":"Mapped route (at any accuracy)","RouteCreator":"WA"},"geometry":{"type":"LineString","coordinates":[[82.217,16.965],[82.143,16.981],[82.066,17.01],[81.962,17.049],[81.895,17.07],[81.575,17.064],[81.494,17.047],[81.337,17.018],[81.173,16.992],[81.053,16.932],[80.902,16.845],[80.838,16.802],[80.773,16.711],[80.651,16.539],[80.637,16.498],[80.593,16.433],[80.549,16.416],[80.495,16.4],[80.434,16.366],[80.302,16.261],[80.189,16.18],[80.032,16.026],[79.99,15.944],[79.968,15.833],[79.975,15.714],[80.013,15.532],[80.012,15.511],[79.953,15.358],[79.885,15.25],[79.881,15.172],[79.893,15.051],[79.926,14.917],[79.945,14.811],[79.985858,14.443917]]}},{"type":"Feature","properties":{"PipelineName":"PLL-DGEN-Sugen Gas Pipeline","SegmentName":"","Wiki":"https://www.gem.wiki/PLL-DGEN-Sugen_Gas_Pipeline","ProjectID":"P1435","Status":"construction","LastUpdated":"2025-07-16","Fuel":"Gas","OtherEnglishNames":"","OtherLanguagePrimaryPipelineName":"","OtherLanguageSegmentName":"","CountriesOrAreas":"India","Owner":"Torrent Power Limited [100.%]","Parent":"unknown [unknown %]","ParentEntityIDs":"E100001016068","StartYear1":"","StartYear2":"","StartYear3":"","ShelvedYear":"","CancelledYear":"","StopYear":"","Capacity":"6.5","CapacityUnits":"MMSCMD","CapacityBcm/y":"2.37","CapacityBOEd":"38239.5","LengthKnownKm":"90.0","LengthEstimateKm":"59.82","LengthMergedKm":"90.0","Diameter":"","DiameterUnits":"","FuelSource":"Dahaj LNG Terminal","StartLocation":"Dahaj","StartPrefecture/District":"","StartState/Province":"Gujarat","StartCountryOrArea":"India","StartRegion":"Asia","StartSubRegion":"Southern Asia","EndLocation":"Surat","EndPrefecture/District":"","EndState/Province":"Gujarat","EndCountryOrArea":"India","EndRegion":"Asia","EndSubRegion":"Southern Asia","ProjectLevelCost":"","ProjectLevelCostUnits":"","CostUSD":"--","FIDStatus":"","FIDYear":"","PCI3":"","PCI4":"","PCI5":"","PCI6":"","RouteAccuracy":"very low (straight line/schematic)","RouteType":"Mapped route (at any accuracy)","RouteCreator":"WA"},"geometry":{"type":"LineString","coordinates":[[72.538362,21.679637],[72.98889,21.341838]]}},{"type":"Feature","properties":{"PipelineName":"Rajasthan Gas Pipeline (Focus)","SegmentName":"","Wiki":"https://www.gem.wiki/Rajasthan_Gas_Pipeline_(Focus)","ProjectID":"P1436","Status":"operating","LastUpdated":"2023-07-21","Fuel":"Gas","OtherEnglishNames":"Langtala to Ramgarh gas pipeline","OtherLanguagePrimaryPipelineName":"","OtherLanguageSegmentName":"","CountriesOrAreas":"India","Owner":"GAIL (India) Ltd [100.%]","Parent":"GAIL Ltd [100.00%]","ParentEntityIDs":"E100000000513","StartYear1":"","StartYear2":"","StartYear3":"","ShelvedYear":"","CancelledYear":"","StopYear":"","Capacity":"0.12","CapacityUnits":"MMSCMD","CapacityBcm/y":"0.04","CapacityBOEd":"705.96","LengthKnownKm":"88.0","LengthEstimateKm":"93.06","LengthMergedKm":"88.0","Diameter":"","DiameterUnits":"","FuelSource":"SGL Field","StartLocation":"Langtala","StartPrefecture/District":"","StartState/Province":"Rajasthan","StartCountryOrArea":"India","StartRegion":"Asia","StartSubRegion":"Southern Asia","EndLocation":"Ramgahr","EndPrefecture/District":"","EndState/Province":"Rajasthan","EndCountryOrArea":"India","EndRegion":"Asia","EndSubRegion":"Southern Asia","ProjectLevelCost":"","ProjectLevelCostUnits":"","CostUSD":"--","FIDStatus":"","FIDYear":"","PCI3":"","PCI4":"","PCI5":"","PCI6":"","RouteAccuracy":"very low (straight line/schematic)","RouteType":"Mapped route (at any accuracy)","RouteCreator":"WA"},"geometry":{"type":"LineString","coordinates":[[69.661061,27.016676],[70.50701,27.38168]]}},{"type":"Feature","properties":{"PipelineName":"Dahej-Koyali Refinery Gas Pipeline","SegmentName":"","Wiki":"https://www.gem.wiki/Dahej-Koyali_Refinery_Gas_Pipeline","ProjectID":"P2210","Status":"operating","LastUpdated":"2023-07-21","Fuel":"Gas","OtherEnglishNames":"","OtherLanguagePrimaryPipelineName":"","OtherLanguageSegmentName":"","CountriesOrAreas":"India","Owner":"Indian Oil Corp [100.%]","Parent":"Indian Oil Corporation Ltd [100.00%]","ParentEntityIDs":"E100000001918","StartYear1":"2022","StartYear2":"","StartYear3":"","ShelvedYear":"","CancelledYear":"","StopYear":"","Capacity":"5.23","CapacityUnits":"MMSCMD","CapacityBcm/y":"1.91","CapacityBOEd":"30768.09","LengthKnownKm":"106.0","LengthEstimateKm":"97.78","LengthMergedKm":"106.0","Diameter":"","DiameterUnits":"","FuelSource":"","StartLocation":"Dahej","StartPrefecture/District":"","StartState/Province":"Gujarat","StartCountryOrArea":"India","StartRegion":"Asia","StartSubRegion":"Southern Asia","EndLocation":"Koyali","EndPrefecture/District":"Vadodara","EndState/Province":"Gujarat","EndCountryOrArea":"India","EndRegion":"Asia","EndSubRegion":"Southern Asia","ProjectLevelCost":"","ProjectLevelCostUnits":"","CostUSD":"42600000.0","FIDStatus":"","FIDYear":"","PCI3":"","PCI4":"","PCI5":"","PCI6":"","RouteAccuracy":"very low (straight line/schematic)","RouteType":"Mapped route (at any accuracy)","RouteCreator":"WA"},"geometry":{"type":"LineString","coordinates":[[72.536,21.6746],[73.120016,22.369774]]}},{"type":"Feature","properties":{"PipelineName":"Dahej-OPAL Gas Pipeline","SegmentName":"","Wiki":"https://www.gem.wiki/Dahej-OPAL_Gas_Pipeline","ProjectID":"P2211","Status":"construction","LastUpdated":"2025-07-16","Fuel":"Gas","OtherEnglishNames":"PLL to OPaL, Dahej","OtherLanguagePrimaryPipelineName":"","OtherLanguageSegmentName":"","CountriesOrAreas":"India","Owner":"ONGC Petro Additions Ltd [100.%]","Parent":"Oil and Natural Gas Corporation Ltd [49.40%]; GAIL Ltd [49.20%]; small shareholder(s) [1.40%]","ParentEntityIDs":"E100000003681","StartYear1":"","StartYear2":"","StartYear3":"","ShelvedYear":"","CancelledYear":"","StopYear":"","Capacity":"3.32","CapacityUnits":"MMSCMD","CapacityBcm/y":"1.21","CapacityBOEd":"19531.56","LengthKnownKm":"17.0","LengthEstimateKm":"10.07","LengthMergedKm":"17.0","Diameter":"12.0","DiameterUnits":"in","FuelSource":"","StartLocation":"Dahej","StartPrefecture/District":"","StartState/Province":"Gujarat","StartCountryOrArea":"India","StartRegion":"Asia","StartSubRegion":"Southern Asia","EndLocation":"Dahej","EndPrefecture/District":"","EndState/Province":"Gujarat","EndCountryOrArea":"India","EndRegion":"Asia","EndSubRegion":"Southern Asia","ProjectLevelCost":"","ProjectLevelCostUnits":"","CostUSD":"--","FIDStatus":"","FIDYear":"","PCI3":"","PCI4":"","PCI5":"","PCI6":"","RouteAccuracy":"very low (straight line/schematic)","RouteType":"Mapped route (at any accuracy)","RouteCreator":"WA"},"geometry":{"type":"LineString","coordinates":[[72.536,21.6746],[72.630832,21.69492]]}},{"type":"Feature","properties":{"PipelineName":"Dahej-Uran-Panvel-Dhabhol Gas Pipeline","SegmentName":"","Wiki":"https://www.gem.wiki/Dahej-Uran-Panvel-Dhabhol_Gas_Pipeline","ProjectID":"P2212","Status":"operating","LastUpdated":"2023-07-21","Fuel":"Gas","OtherEnglishNames":"DPPL","OtherLanguagePrimaryPipelineName":"","OtherLanguageSegmentName":"","CountriesOrAreas":"India","Owner":"GAIL (India) Ltd [100.%]","Parent":"GAIL Ltd [100.00%]","ParentEntityIDs":"E100000000513","StartYear1":"2007","StartYear2":"","StartYear3":"","ShelvedYear":"","CancelledYear":"","StopYear":"","Capacity":"19.9","CapacityUnits":"MMSCMD","CapacityBcm/y":"7.26","CapacityBOEd":"117071.7","LengthKnownKm":"815.0","LengthEstimateKm":"549.41","LengthMergedKm":"815.0","Diameter":"","DiameterUnits":"","FuelSource":"","StartLocation":"Dahej","StartPrefecture/District":"","StartState/Province":"Gujarat","StartCountryOrArea":"India","StartRegion":"Asia","StartSubRegion":"Southern Asia","EndLocation":"Dabhol","EndPrefecture/District":"","EndState/Province":"Maharashtra","EndCountryOrArea":"India","EndRegion":"Asia","EndSubRegion":"Southern Asia","ProjectLevelCost":"","ProjectLevelCostUnits":"","CostUSD":"--","FIDStatus":"","FIDYear":"","PCI3":"","PCI4":"","PCI5":"","PCI6":"","RouteAccuracy":"low","RouteType":"Mapped route (at any accuracy)","RouteCreator":"WA"},"geometry":{"type":"LineString","coordinates":[[73.159589,17.539275],[73.126917,18.987778],[72.942109,18.879555],[73.029524,21.723522],[72.537378,21.680526],[72.537816,21.680119]]}},{"type":"Feature","properties":{"PipelineName":"Kanai Chhata-Shrirampur Gas Pipeline","SegmentName":"","Wiki":"https://www.gem.wiki/Kanai_Chhata-Shrirampur_Gas_Pipeline","ProjectID":"P2214","Status":"cancelled","LastUpdated":"2026-08-28","Fuel":"Gas","OtherEnglishNames":"","OtherLanguagePrimaryPipelineName":"","OtherLanguageSegmentName":"","CountriesOrAreas":"India","Owner":"H-Energy [100.%]","Parent":"unknown [unknown %]","ParentEntityIDs":"E100001014939","StartYear1":"2023","StartYear2":"","StartYear3":"","ShelvedYear":"","CancelledYear":"","StopYear":"","Capacity":"19.2","CapacityUnits":"MMSCMD","CapacityBcm/y":"7.01","CapacityBOEd":"112953.6","LengthKnownKm":"250.0","LengthEstimateKm":"303.28","LengthMergedKm":"250.0","Diameter":"","DiameterUnits":"","FuelSource":"","StartLocation":"Kanai Chhata","StartPrefecture/District":"","StartState/Province":"West Bengal","StartCountryOrArea":"India","StartRegion":"Asia","StartSubRegion":"Southern Asia","EndLocation":"Shrirampur","EndPrefecture/District":"","EndState/Province":"West Bengal","EndCountryOrArea":"India","EndRegion":"Asia","EndSubRegion":"Southern Asia","ProjectLevelCost":"","ProjectLevelCostUnits":"","CostUSD":"--","FIDStatus":"","FIDYear":"","PCI3":"","PCI4":"","PCI5":"","PCI6":"","RouteAccuracy":"medium","RouteType":"Mapped route (at any accuracy)","RouteCreator":"WA"},"geometry":{"type":"MultiLineString","coordinates":[[[87.878,21.784],[87.825,22.196]],[[87.825,22.196],[87.874,22.44],[88.325,22.73],[88.434,22.986]],[[88.434,22.986],[88.565,23.189],[88.827,23.219]],[[87.825,22.196],[88.061645,22.021794]],[[88.434,22.986],[87.91212,23.203309]]]}},{"type":"Feature","properties":{"PipelineName":"Langtala-Jodhpur-Pali Gas Pipeline","SegmentName":"","Wiki":"https://www.gem.wiki/Langtala-Jodhpur-Pali_Gas_Pipeline","ProjectID":"P2215","Status":"cancelled","LastUpdated":"2025-07-16","Fuel":"Gas","OtherEnglishNames":"","OtherLanguagePrimaryPipelineName":"","OtherLanguageSegmentName":"","CountriesOrAreas":"India","Owner":"GAIL (India) Ltd [100.%]","Parent":"GAIL Ltd [100.00%]","ParentEntityIDs":"E100000000513","StartYear1":"","StartYear2":"","StartYear3":"","ShelvedYear":"","CancelledYear":"","StopYear":"","Capacity":"5.0","CapacityUnits":"MMcf/d","CapacityBcm/y":"0.05","CapacityBOEd":"823.62","LengthKnownKm":"440.0","LengthEstimateKm":"448.72","LengthMergedKm":"440.0","Diameter":"","DiameterUnits":"","FuelSource":"","StartLocation":"Langtala","StartPrefecture/District":"","StartState/Province":"Rajasthan","StartCountryOrArea":"India","StartRegion":"Asia","StartSubRegion":"Southern Asia","EndLocation":"Pali","EndPrefecture/District":"","EndState/Province":"Rajasthan","EndCountryOrArea":"India","EndRegion":"Asia","EndSubRegion":"Southern Asia","ProjectLevelCost":"","ProjectLevelCostUnits":"","CostUSD":"--","FIDStatus":"","FIDYear":"","PCI3":"","PCI4":"","PCI5":"","PCI6":"","RouteAccuracy":"medium","RouteType":"Mapped route (at any accuracy)","RouteCreator":"WA"},"geometry":{"type":"LineString","coordinates":[[69.771,27.144],[69.891,27.202],[70.037,27.242],[70.617,27.235],[71.222,27.054],[71.532,26.837],[71.735,26.637],[72.465,26.476],[72.675,26.366],[73.195,26.333],[73.258,26.291],[73.348,26.199],[73.355,26.181],[73.451,26.148],[73.515,26.094],[73.518,26.076],[73.627,26.045],[73.69,25.955],[73.792,25.91]]}},{"type":"Feature","properties":{"PipelineName":"Mumbai-Nagpur-Jharsuguda Gas Pipeline","SegmentName":"","Wiki":"https://www.gem.wiki/Mumbai-Nagpur-Jharsuguda_Gas_Pipeline","ProjectID":"P2216","Status":"operating","LastUpdated":"2026-08-28","Fuel":"Gas","OtherEnglishNames":"","OtherLanguagePrimaryPipelineName":"","OtherLanguageSegmentName":"","CountriesOrAreas":"India","Owner":"GAIL (India) Ltd [100.%]","Parent":"GAIL Ltd [100.00%]","ParentEntityIDs":"E100000000513","StartYear1":"2025","StartYear2":"","StartYear3":"","ShelvedYear":"","CancelledYear":"","StopYear":"","Capacity":"16.5","CapacityUnits":"MMSCMD","CapacityBcm/y":"6.02","CapacityBOEd":"97069.5","LengthKnownKm":"1755.0","LengthEstimateKm":"1600.64","LengthMergedKm":"1755.0","Diameter":"","DiameterUnits":"","FuelSource":"","StartLocation":"Mumbai","StartPrefecture/District":"","StartState/Province":"Maharashtra","StartCountryOrArea":"India","StartRegion":"Asia","StartSubRegion":"Southern Asia","EndLocation":"Jharsuguda","EndPrefecture/District":"","EndState/Province":"Odisha","EndCountryOrArea":"India","EndRegion":"Asia","EndSubRegion":"Southern Asia","ProjectLevelCost":"","ProjectLevelCostUnits":"","CostUSD":"--","FIDStatus":"","FIDYear":"","PCI3":"","PCI4":"","PCI5":"","PCI6":"","RouteAccuracy":"medium","RouteType":"Mapped route (at any accuracy)","RouteCreator":"WA"},"geometry":{"type":"MultiLineString","coordinates":[[[73.263244,19.308792],[73.338379,19.549197],[73.523533,19.673056],[73.598668,19.703374],[73.633552,19.738738],[73.826756,19.847308],[73.85359,19.854879],[73.998494,19.854879],[74.065579,19.837211],[74.2883,19.84226],[74.417103,19.875069],[74.484188,19.88264],[74.591524,20.023889],[74.655925,20.039016],[74.910848,20.104546],[75.006108,20.112106],[75.10271,20.124704],[75.177845,20.14234],[75.255664,20.147379],[75.346899,20.157455],[75.435451,20.182643],[75.566938,20.2179],[75.725258,20.255666],[75.913096,20.29594],[76.079466,20.313557],[76.141184,20.331171],[76.267304,20.348784],[76.68323,20.537363],[76.836183,20.622776],[76.911318,20.657932],[76.946202,20.670486],[77.042805,20.675507],[77.496298,20.670486],[77.64791,20.655421],[77.774029,20.655421],[77.94845,20.680528],[78.026269,20.718181],[78.104087,20.743278],[78.155071,20.758334],[78.227523,20.748296],[78.299975,20.72822],[78.471712,20.723201],[78.506596,20.710651],[78.554897,20.705631],[78.621982,20.740768],[78.697117,20.813526],[78.726634,20.841114],[78.815186,20.873713],[78.871538,20.87622],[78.922522,20.968959],[78.96009,21.029083],[78.9767,21.031298]],[[78.9767,21.031298],[78.988265,21.03284],[79.044617,21.025326],[79.133169,21.070405],[79.213671,21.112966],[79.243188,21.120476],[79.321006,21.168028],[79.366624,21.20806],[79.409558,21.228072],[79.439076,21.238077],[79.546411,21.238077],[79.600079,21.278089],[79.659114,21.305592],[79.731566,21.370578],[79.769133,21.398063],[79.812067,21.415551],[79.887203,21.438032],[79.981121,21.477991],[80.053573,21.520434],[80.117974,21.577838],[80.147492,21.5978],[80.168959,21.60279],[80.190426,21.617758],[80.273611,21.555379],[80.295078,21.542899],[80.313862,21.433037],[80.380947,21.348086],[80.434615,21.295592],[80.477549,21.200555],[80.5017,21.143002],[80.515117,21.135494],[80.566101,21.1405],[80.600985,21.130488],[80.619769,21.115469],[80.705638,21.122979],[80.843833,21.178037],[80.908234,21.190547],[80.988736,21.185543],[81.03167,21.180539],[81.114855,21.200555],[81.211458,21.268087],[81.254392,21.295592],[81.426129,21.308092],[81.549565,21.33059],[81.638117,21.348086],[81.697152,21.395564],[81.75082,21.468002],[81.823272,21.582829],[81.855472,21.692578],[81.89304,21.782311],[81.937316,21.847083],[81.993667,21.884439],[82.111736,21.93423],[82.240539,21.996446],[82.28884,22.011373],[82.479361,22.011373],[82.514246,22.023812],[82.753068,22.028787],[82.927488,22.028787],[83.005307,22.021324],[83.107276,21.969074],[83.163627,21.904358],[83.238762,21.867008],[83.335364,21.83712],[83.456117,21.814701],[83.720431,21.815947],[83.961937,21.830893],[84.09074,21.875723],[84.09074,21.940453]],[[78.976861,21.030336],[78.9767,21.031298]],[[78.9767,21.031298],[78.970153,21.070405],[78.908434,21.211812],[78.903068,21.306842],[78.913801,21.619006],[78.979544,22.001422],[78.983569,22.077285],[78.998328,22.109607],[79.011745,22.132912],[79.160674,22.320454],[79.30826,22.49411],[79.686619,22.906902],[79.838231,23.063769],[79.984476,23.162489],[80.015335,23.188083],[80.005943,23.289176]]]}},{"type":"Feature","properties":{"PipelineName":"Kochi-Koottanad-Bangalore-Mangalore Gas Pipeline","SegmentName":"Phase II","Wiki":"https://www.gem.wiki/Kochi-Koottanad-Bangalore-Mangalore_Gas_Pipeline","ProjectID":"P2746","Status":"construction","LastUpdated":"2025-07-16","Fuel":"Gas","OtherEnglishNames":"KKBMPL","OtherLanguagePrimaryPipelineName":"","OtherLanguageSegmentName":"","CountriesOrAreas":"India","Owner":"GAIL (India) Ltd [100.%]","Parent":"GAIL Ltd [100.00%]","ParentEntityIDs":"E100000000513","StartYear1":"2022","StartYear2":"","StartYear3":"","ShelvedYear":"","CancelledYear":"","StopYear":"","Capacity":"16.0","CapacityUnits":"MMSCMD","CapacityBcm/y":"5.84","CapacityBOEd":"94128.0","LengthKnownKm":"1060.0","LengthEstimateKm":"383.3","LengthMergedKm":"1060.0","Diameter":"","DiameterUnits":"","FuelSource":"","StartLocation":"Koottanad","StartPrefecture/District":"","StartState/Province":"","StartCountryOrArea":"India","StartRegion":"Asia","StartSubRegion":"Southern Asia","EndLocation":"Mangalore","EndPrefecture/District":"","EndState/Province":"Karnataka","EndCountryOrArea":"India","EndRegion":"Asia","EndSubRegion":"Southern Asia","ProjectLevelCost":"","ProjectLevelCostUnits":"","CostUSD":"--","FIDStatus":"","FIDYear":"","PCI3":"","PCI4":"","PCI5":"","PCI6":"","RouteAccuracy":"medium","RouteType":"Mapped route (at any accuracy)","RouteCreator":"WA"},"geometry":{"type":"LineString","coordinates":[[77.043288,12.783957],[77.128383,12.783957],[77.207399,12.801739],[77.213477,12.712817],[77.328962,12.712817],[77.420135,12.600138],[77.553854,12.511146],[77.60248,12.29744],[77.626793,12.024118],[77.608558,11.732666],[77.584245,11.613617],[77.486995,11.387283],[77.4019,11.268088],[77.23779,11.220396],[77.116226,11.11306],[77.061523,11.053412],[76.915646,10.993752],[76.824474,10.940048],[76.654285,10.910208],[76.563113,10.862457],[76.289595,10.868426],[76.003921,10.838579]]}},{"type":"Feature","properties":{"PipelineName":"Langtala-Pachpadra Gas Pipeline","SegmentName":"","Wiki":"https://www.gem.wiki/Langtala-Pachpadra_Gas_Pipeline","ProjectID":"P2748","Status":"cancelled","LastUpdated":"2024-07-08","Fuel":"Gas","OtherEnglishNames":"","OtherLanguagePrimaryPipelineName":"","OtherLanguageSegmentName":"","CountriesOrAreas":"India","Owner":"GIGL [100.%]","Parent":"Gujarat State Petroleum Corporation Ltd [93.60%]; unknown [6.40%]","ParentEntityIDs":"E100001014774","StartYear1":"","StartYear2":"","StartYear3":"","ShelvedYear":"","CancelledYear":"2022","StopYear":"","Capacity":"4.0","CapacityUnits":"MMSCMD","CapacityBcm/y":"1.46","CapacityBOEd":"23532.0","LengthKnownKm":"290.0","LengthEstimateKm":"289.54","LengthMergedKm":"290.0","Diameter":"","DiameterUnits":"","FuelSource":"","StartLocation":"Langtala","StartPrefecture/District":"Jaisalmer","StartState/Province":"Rajasthan","StartCountryOrArea":"India","StartRegion":"Asia","StartSubRegion":"Southern Asia","EndLocation":"Pachpadra","EndPrefecture/District":"","EndState/Province":"Rajasthan","EndCountryOrArea":"India","EndRegion":"Asia","EndSubRegion":"Southern Asia","ProjectLevelCost":"","ProjectLevelCostUnits":"","CostUSD":"--","FIDStatus":"","FIDYear":"","PCI3":"","PCI4":"","PCI5":"","PCI6":"","RouteAccuracy":"medium","RouteType":"Mapped route (at any accuracy)","RouteCreator":"SZ"},"geometry":{"type":"LineString","coordinates":[[69.77,27.144],[70.279,27.018],[70.508,26.985],[70.836,26.858],[70.949,26.783],[71.133,26.698],[71.309,26.562],[71.427,26.435],[71.527,26.401],[71.672,26.395],[71.715,26.38],[71.747,26.371],[71.807,26.313],[71.906,26.265],[71.935,26.212],[72.121,26.141],[72.194,26.006],[72.225,25.958]]}},{"type":"Feature","properties":{"PipelineName":"Kondalapalli-Tirupati Gas Pipeline","SegmentName":"","Wiki":"https://www.gem.wiki/Kondalapalli-Tirupati_Gas_Pipeline","ProjectID":"P2752","Status":"cancelled","LastUpdated":"2025-07-16","Fuel":"Gas","OtherEnglishNames":"","OtherLanguagePrimaryPipelineName":"","OtherLanguageSegmentName":"","CountriesOrAreas":"India","Owner":"GAIL (India) Ltd [100.%]","Parent":"GAIL Ltd [100.00%]","ParentEntityIDs":"E100000000513","StartYear1":"","StartYear2":"","StartYear3":"","ShelvedYear":"","CancelledYear":"","StopYear":"","Capacity":"4.0","CapacityUnits":"MMSCMD","CapacityBcm/y":"1.46","CapacityBOEd":"23532.0","LengthKnownKm":"450.0","LengthEstimateKm":"389.92","LengthMergedKm":"450.0","Diameter":"","DiameterUnits":"","FuelSource":"","StartLocation":"Kondalapalli","StartPrefecture/District":"Vijayawada","StartState/Province":"Andhra Pradesh","StartCountryOrArea":"India","StartRegion":"Asia","StartSubRegion":"Southern Asia","EndLocation":"Tirupati","EndPrefecture/District":"","EndState/Province":"Andhra Pradesh","EndCountryOrArea":"India","EndRegion":"Asia","EndSubRegion":"Southern Asia","ProjectLevelCost":"","ProjectLevelCostUnits":"","CostUSD":"--","FIDStatus":"","FIDYear":"","PCI3":"","PCI4":"","PCI5":"","PCI6":"","RouteAccuracy":"medium","RouteType":"Mapped route (at any accuracy)","RouteCreator":"WA"},"geometry":{"type":"LineString","coordinates":[[80.538643,16.609682],[80.0154,16.233032],[79.726256,16.054187],[79.595354,15.602492],[79.721174,14.383055],[79.28471,13.627613]]}},{"type":"Feature","properties":{"PipelineName":"Vijaipur-Dadri Gas Pipeline (GREP-I)","SegmentName":"","Wiki":"https://www.gem.wiki/Vijaipur-Dadri_Gas_Pipeline_(GREP-I)","ProjectID":"P3297","Status":"operating","LastUpdated":"2023-07-13","Fuel":"Gas","OtherEnglishNames":"","OtherLanguagePrimaryPipelineName":"","OtherLanguageSegmentName":"","CountriesOrAreas":"India","Owner":"GAIL (India) Ltd [100.%]","Parent":"GAIL Ltd [100.00%]","ParentEntityIDs":"E100000000513","StartYear1":"1997","StartYear2":"","StartYear3":"","ShelvedYear":"","CancelledYear":"","StopYear":"","Capacity":"107.0","CapacityUnits":"MMSCMD","CapacityBcm/y":"39.06","CapacityBOEd":"629481.0","LengthKnownKm":"505.0","LengthEstimateKm":"492.03","LengthMergedKm":"505.0","Diameter":"36.0","DiameterUnits":"in","FuelSource":"","StartLocation":"Vijaipur","StartPrefecture/District":"","StartState/Province":"Madhya Pradesh","StartCountryOrArea":"India","StartRegion":"Asia","StartSubRegion":"Southern Asia","EndLocation":"Dadri","EndPrefecture/District":"","EndState/Province":"Uttar Pradesh","EndCountryOrArea":"India","EndRegion":"Asia","EndSubRegion":"Southern Asia","ProjectLevelCost":"","ProjectLevelCostUnits":"","CostUSD":"--","FIDStatus":"","FIDYear":"","PCI3":"","PCI4":"","PCI5":"","PCI6":"","RouteAccuracy":"high","RouteType":"Mapped route (at any accuracy)","RouteCreator":"WA"},"geometry":{"type":"LineString","coordinates":[[77.160468,24.483252],[77.649061,24.794541],[77.704141,25.329918],[77.732782,25.704461],[77.664483,26.061379],[77.491863,26.518212],[77.627889,26.734616],[77.844293,27.087045],[77.55487,28.55231]]}},{"type":"Feature","properties":{"PipelineName":"Dahej-Vijaipur Pipeline (DVPL-II)","SegmentName":"","Wiki":"https://www.gem.wiki/Dahej-Vijaipur_Pipeline_(DVPL-II)","ProjectID":"P3298","Status":"operating","LastUpdated":"2023-07-13","Fuel":"Gas","OtherEnglishNames":"","OtherLanguagePrimaryPipelineName":"","OtherLanguageSegmentName":"","CountriesOrAreas":"India","Owner":"GAIL (India) Ltd [100.%]","Parent":"GAIL Ltd [100.00%]","ParentEntityIDs":"E100000000513","StartYear1":"2013","StartYear2":"","StartYear3":"","ShelvedYear":"","CancelledYear":"","StopYear":"","Capacity":"107.0","CapacityUnits":"MMSCMD","CapacityBcm/y":"39.06","CapacityBOEd":"629481.0","LengthKnownKm":"610.0","LengthEstimateKm":"585.15","LengthMergedKm":"610.0","Diameter":"48.0","DiameterUnits":"in","FuelSource":"","StartLocation":"Dahej","StartPrefecture/District":"","StartState/Province":"Gujarat","StartCountryOrArea":"India","StartRegion":"Asia","StartSubRegion":"Southern Asia","EndLocation":"Vijaipur","EndPrefecture/District":"","EndState/Province":"Madhya Pradesh","EndCountryOrArea":"India","EndRegion":"Asia","EndSubRegion":"Southern Asia","ProjectLevelCost":"","ProjectLevelCostUnits":"","CostUSD":"--","FIDStatus":"","FIDYear":"","PCI3":"","PCI4":"","PCI5":"","PCI6":"","RouteAccuracy":"high","RouteType":"Mapped route (at any accuracy)","RouteCreator":"WA"},"geometry":{"type":"LineString","coordinates":[[72.535789,21.674806],[73.14733,22.057442],[73.68,22.283928],[74.708374,22.472311],[74.840597,22.562991],[75.489834,23.229636],[76.203869,23.5237],[76.438752,23.728032],[76.657938,24.002872],[77.160472,24.483215]]}},{"type":"Feature","properties":{"PipelineName":"Vijaipur-Dadri Gas Pipeline (GREP-II)","SegmentName":"","Wiki":"https://www.gem.wiki/Vijaipur-Dadri_Gas_Pipeline_(GREP-II)","ProjectID":"P3299","Status":"operating","LastUpdated":"2023-07-13","Fuel":"Gas","OtherEnglishNames":"","OtherLanguagePrimaryPipelineName":"","OtherLanguageSegmentName":"","CountriesOrAreas":"India","Owner":"GAIL (India) Ltd [100.%]","Parent":"GAIL Ltd [100.00%]","ParentEntityIDs":"E100000000513","StartYear1":"2010","StartYear2":"","StartYear3":"","ShelvedYear":"","CancelledYear":"","StopYear":"","Capacity":"107.0","CapacityUnits":"MMSCMD","CapacityBcm/y":"39.06","CapacityBOEd":"629481.0","LengthKnownKm":"505.0","LengthEstimateKm":"1011.73","LengthMergedKm":"505.0","Diameter":"48.0","DiameterUnits":"in","FuelSource":"","StartLocation":"Vijaipur","StartPrefecture/District":"","StartState/Province":"Madhya Pradesh","StartCountryOrArea":"India","StartRegion":"Asia","StartSubRegion":"Southern Asia","EndLocation":"Dadri","EndPrefecture/District":"","EndState/Province":"Uttar Pradesh","EndCountryOrArea":"India","EndRegion":"Asia","EndSubRegion":"Southern Asia","ProjectLevelCost":"","ProjectLevelCostUnits":"","CostUSD":"--","FIDStatus":"","FIDYear":"","PCI3":"","PCI4":"","PCI5":"","PCI6":"","RouteAccuracy":"low","RouteType":"Mapped route (at any accuracy)","RouteCreator":"WA"},"geometry":{"type":"LineString","coordinates":[[72.645363,21.177968],[77.143288,24.486686],[80.52776,26.750319]]}},{"type":"Feature","properties":{"PipelineName":"Duliajan-Numaligarh Gas Pipeline","SegmentName":"","Wiki":"https://www.gem.wiki/Duliajan-Numaligarh_Gas_Pipeline","ProjectID":"P3310","Status":"operating","LastUpdated":"2023-07-24","Fuel":"Gas","OtherEnglishNames":"","OtherLanguagePrimaryPipelineName":"","OtherLanguageSegmentName":"","CountriesOrAreas":"India","Owner":"DNP Ltd [100.%]","Parent":"Assam Gas Co Ltd [51.00%]; Oil India Ltd [41.10%]; Numaligarh Refinery Ltd [6.80%]; small shareholder(s) [1.10%]","ParentEntityIDs":"E100001014537","StartYear1":"2011","StartYear2":"","StartYear3":"","ShelvedYear":"","CancelledYear":"","StopYear":"","Capacity":"1.2","CapacityUnits":"MMSCMD","CapacityBcm/y":"0.44","CapacityBOEd":"7059.6","LengthKnownKm":"194.0","LengthEstimateKm":"181.91","LengthMergedKm":"194.0","Diameter":"","DiameterUnits":"","FuelSource":"","StartLocation":"Duliajan","StartPrefecture/District":"","StartState/Province":"Assam","StartCountryOrArea":"India","StartRegion":"Asia","StartSubRegion":"Southern Asia","EndLocation":"Numaligarh","EndPrefecture/District":"","EndState/Province":"Assam","EndCountryOrArea":"India","EndRegion":"Asia","EndSubRegion":"Southern Asia","ProjectLevelCost":"","ProjectLevelCostUnits":"","CostUSD":"--","FIDStatus":"","FIDYear":"","PCI3":"","PCI4":"","PCI5":"","PCI6":"","RouteAccuracy":"high","RouteType":"Mapped route (at any accuracy)","RouteCreator":"WA"},"geometry":{"type":"LineString","coordinates":[[95.324094,27.357851],[94.91746,27.181961],[94.706613,26.953387],[94.504935,26.830287],[94.214096,26.758941],[93.748066,26.587816]]}},{"type":"Feature","properties":{"PipelineName":"Digha–Contai Gas Pipeline","SegmentName":"","Wiki":"https://www.gem.wiki/Digha%E2%80%93Contai_Gas_Pipeline","ProjectID":"P3334","Status":"cancelled","LastUpdated":"2025-07-22","Fuel":"Gas","OtherEnglishNames":"","OtherLanguagePrimaryPipelineName":"","OtherLanguageSegmentName":"","CountriesOrAreas":"India","Owner":"H-Energy [100.%]","Parent":"unknown [unknown %]","ParentEntityIDs":"E100001014939","StartYear1":"","StartYear2":"","StartYear3":"","ShelvedYear":"","CancelledYear":"","StopYear":"","Capacity":"","CapacityUnits":"","CapacityBcm/y":"--","CapacityBOEd":"--","LengthKnownKm":"115.0","LengthEstimateKm":"599.13","LengthMergedKm":"115.0","Diameter":"","DiameterUnits":"","FuelSource":"","StartLocation":"Digha","StartPrefecture/District":"","StartState/Province":"West Bengal","StartCountryOrArea":"India","StartRegion":"Asia","StartSubRegion":"Southern Asia","EndLocation":"Contai","EndPrefecture/District":"","EndState/Province":"West Bengal","EndCountryOrArea":"India","EndRegion":"Asia","EndSubRegion":"Southern Asia","ProjectLevelCost":"","ProjectLevelCostUnits":"","CostUSD":"--","FIDStatus":"","FIDYear":"","PCI3":"","PCI4":"","PCI5":"","PCI6":"","RouteAccuracy":"low","RouteType":"Mapped route (at any accuracy)","RouteCreator":"WA"},"geometry":{"type":"LineString","coordinates":[[77.141057,24.485905],[79.493379,26.4604],[82.070402,25.550881]]}},{"type":"Feature","properties":{"PipelineName":"Kakinada-Haldia Gas Pipeline","SegmentName":"","Wiki":"https://www.gem.wiki/Kakinada-Haldia_Gas_Pipeline","ProjectID":"P3342","Status":"cancelled","LastUpdated":"2026-08-28","Fuel":"Gas","OtherEnglishNames":"","OtherLanguagePrimaryPipelineName":"","OtherLanguageSegmentName":"","CountriesOrAreas":"India","Owner":"Reliance Industries Ltd [100.%]","Parent":"Reliance Industries Ltd [100.00%]","ParentEntityIDs":"E100000121175","StartYear1":"","StartYear2":"","StartYear3":"","ShelvedYear":"2009","CancelledYear":"2013","StopYear":"","Capacity":"","CapacityUnits":"","CapacityBcm/y":"--","CapacityBOEd":"--","LengthKnownKm":"--","LengthEstimateKm":"915.8","LengthMergedKm":"915.8","Diameter":"","DiameterUnits":"","FuelSource":"","StartLocation":"Kakinada","StartPrefecture/District":"","StartState/Province":"Andhra Pradesh","StartCountryOrArea":"India","StartRegion":"Asia","StartSubRegion":"Southern Asia","EndLocation":"Haldia","EndPrefecture/District":"","EndState/Province":"West Bengal","EndCountryOrArea":"India","EndRegion":"Asia","EndSubRegion":"Southern Asia","ProjectLevelCost":"","ProjectLevelCostUnits":"","CostUSD":"--","FIDStatus":"","FIDYear":"","PCI3":"","PCI4":"","PCI5":"","PCI6":"","RouteAccuracy":"medium","RouteType":"Mapped route (at any accuracy)","RouteCreator":"WA"},"geometry":{"type":"LineString","coordinates":[[82.245305,16.986458],[82.450998,17.244799],[83.038625,17.5582],[83.200922,17.664533],[83.44157,17.899584],[83.653908,18.127803],[84.065057,18.315261],[84.310801,18.575183],[84.623899,18.930411],[84.940099,19.352943],[85.135432,19.651732],[85.459348,19.954523],[86.198722,20.215064],[86.649388,20.884022],[86.825429,21.38398],[88.364336,22.573498]]}},{"type":"Feature","properties":{"PipelineName":"Mallavaram-Bhopal-Bhilwara-Vijaipur Gas Pipeline","SegmentName":"Phase II","Wiki":"https://www.gem.wiki/Mallavaram-Bhopal-Bhilwara-Vijaipur_Gas_Pipeline","ProjectID":"P3602","Status":"construction","LastUpdated":"2025-07-16","Fuel":"Gas","OtherEnglishNames":"","OtherLanguagePrimaryPipelineName":"","OtherLanguageSegmentName":"","CountriesOrAreas":"India","Owner":"Gujarat State Petronet [100.%]","Parent":"unknown [unknown %]","ParentEntityIDs":"E100000153049","StartYear1":"2024","StartYear2":"","StartYear3":"","ShelvedYear":"","CancelledYear":"","StopYear":"","Capacity":"78.25","CapacityUnits":"MMSCMD","CapacityBcm/y":"28.56","CapacityBOEd":"460344.75","LengthKnownKm":"1517.0","LengthEstimateKm":"1487.97","LengthMergedKm":"1517.0","Diameter":"","DiameterUnits":"","FuelSource":"","StartLocation":"Mallavaram","StartPrefecture/District":"","StartState/Province":"Andhra Pradesh","StartCountryOrArea":"India","StartRegion":"Asia","StartSubRegion":"Southern Asia","EndLocation":"","EndPrefecture/District":"Bhopal","EndState/Province":"Rajasthan","EndCountryOrArea":"India","EndRegion":"Asia","EndSubRegion":"Southern Asia","ProjectLevelCost":"","ProjectLevelCostUnits":"","CostUSD":"--","FIDStatus":"","FIDYear":"","PCI3":"","PCI4":"","PCI5":"","PCI6":"","RouteAccuracy":"medium","RouteType":"Mapped route (at any accuracy)","RouteCreator":"WA"},"geometry":{"type":"MultiLineString","coordinates":[[[82.258428,16.719706],[82.112095,16.795471],[81.941705,16.795471],[81.906881,16.779302],[81.784996,16.805421]],[[79.664201,18.577491],[79.648693,18.707158],[79.619764,18.77225],[79.586012,18.863861],[79.612531,18.924131],[79.590834,18.991634],[79.552261,19.047082],[79.532974,19.049493],[79.532974,19.145926],[79.477526,19.203785],[79.451007,19.266466],[79.417256,19.290574],[79.364218,19.36772],[79.37145,19.471385],[79.356985,19.51719],[79.335288,19.534066],[79.313591,19.596747],[79.277429,19.671482],[79.253321,19.72452],[79.217158,19.777558],[79.091511,20.049785],[79.032848,20.161245],[79.029915,20.281504],[78.985917,20.319635],[78.815794,20.850536],[78.809928,20.953196],[78.786463,21.017726],[78.681949,21.07977],[78.515603,21.255759],[78.484262,21.296743],[78.467387,21.332905],[78.339614,21.458267],[78.310684,21.477553],[78.190819,21.850265],[78.120905,21.970805],[78.104029,22.0142],[78.026883,22.096167],[78.007597,22.151616],[77.853305,22.327605],[77.826786,22.428859],[77.824375,22.501183],[77.68392,22.517021],[77.634191,22.50597],[77.529206,22.539123],[77.371729,22.536361],[77.161759,22.588853],[77.161749,22.588855]],[[77.161749,22.588855],[76.838517,22.63582],[76.501461,22.682787],[76.338458,22.696601],[76.244524,22.732516],[76.004165,22.837501],[75.926807,22.873417],[75.882603,22.878943],[75.797788,22.951819],[75.729665,22.98361],[75.609315,23.07217],[75.429925,23.19252],[75.336824,23.258372],[75.262708,23.317378],[75.163248,23.375396],[75.143909,23.444465],[75.135621,23.886506],[75.121807,23.974914],[75.099705,24.04122],[75.011297,24.218037],[74.875922,24.408667],[74.784751,24.544042],[74.671478,24.60206],[74.657664,24.671129],[74.688054,24.776113],[74.652139,24.883861],[74.701223,24.954565]],[[74.259383,22.833814],[74.377532,22.844554],[74.617305,22.850991],[74.657536,22.871911],[74.741215,22.902486],[74.763744,22.925015],[74.802365,22.93467],[74.886044,23.000648],[74.952022,23.01835],[75.013173,23.01835],[75.124209,23.015131],[75.185359,23.021568],[75.219153,23.089155],[75.280303,23.14065],[75.302832,23.216283],[75.340456,23.255803]],[[77.1506,24.479013],[77.192792,24.331653],[77.185255,24.189958],[77.171688,24.132677],[77.18289,24.038622],[77.171166,23.956553],[77.173511,23.895587],[77.185235,23.844],[77.185235,23.63531],[77.180545,23.571999],[77.166476,23.478205],[77.152407,23.372687],[77.161787,23.307032],[77.168821,23.250756],[77.18289,23.194479],[77.1782,23.114755],[77.157097,23.030341],[77.150062,22.833374],[77.161749,22.588855]],[[77.161749,22.588855],[77.161749,22.588845]],[[78.19836,24.180015],[78.101285,24.169393],[78.031513,24.159954],[77.879656,24.173087],[77.725904,24.138241],[77.569348,24.128656],[77.431962,24.135046],[77.294577,24.120668],[77.262627,24.131851],[77.18526,24.189908]]]}},{"type":"Feature","properties":{"PipelineName":"Dandewala-Gamnewala-RSEB Ramgarh Gas Pipeline","SegmentName":"","Wiki":"https://www.gem.wiki/Dandewala-Gamnewala-RSEB_Ramgarh_Gas_Pipeline","ProjectID":"P3905","Status":"operating","LastUpdated":"2023-07-24","Fuel":"Gas","OtherEnglishNames":"","OtherLanguagePrimaryPipelineName":"","OtherLanguageSegmentName":"","CountriesOrAreas":"India","Owner":"GAIL (India) Ltd [100.%]","Parent":"GAIL Ltd [100.00%]","ParentEntityIDs":"E100000000513","StartYear1":"2012","StartYear2":"","StartYear3":"","ShelvedYear":"","CancelledYear":"","StopYear":"","Capacity":"0.08","CapacityUnits":"MMSCMD","CapacityBcm/y":"0.03","CapacityBOEd":"441.23","LengthKnownKm":"65.32","LengthEstimateKm":"322.35","LengthMergedKm":"65.32","Diameter":"12","DiameterUnits":"in","FuelSource":"","StartLocation":"Dandewala","StartPrefecture/District":"","StartState/Province":"Rajasthan","StartCountryOrArea":"India","StartRegion":"Asia","StartSubRegion":"Southern Asia","EndLocation":"","EndPrefecture/District":"Ramgahr","EndState/Province":"Rajasthan","EndCountryOrArea":"India","EndRegion":"Asia","EndSubRegion":"Southern Asia","ProjectLevelCost":"","ProjectLevelCostUnits":"","CostUSD":"--","FIDStatus":"","FIDYear":"","PCI3":"","PCI4":"","PCI5":"","PCI6":"","RouteAccuracy":"very low (straight line/schematic)","RouteType":"Mapped route (at any accuracy)","RouteCreator":"WA"},"geometry":{"type":"LineString","coordinates":[[73.612743,28.298423],[70.50701,27.38168]]}},{"type":"Feature","properties":{"PipelineName":"Haridwar-Rishikesh-Dehradun Gas Pipeline","SegmentName":"","Wiki":"https://www.gem.wiki/Haridwar-Rishikesh-Dehradun_Gas_Pipeline","ProjectID":"P3906","Status":"operating","LastUpdated":"2024-07-10","Fuel":"Gas","OtherEnglishNames":"","OtherLanguagePrimaryPipelineName":"","OtherLanguageSegmentName":"","CountriesOrAreas":"India","Owner":"GAIL (India) Ltd [100.%]","Parent":"GAIL Ltd [100.00%]","ParentEntityIDs":"E100000000513","StartYear1":"2023","StartYear2":"","StartYear3":"","ShelvedYear":"","CancelledYear":"","StopYear":"","Capacity":"","CapacityUnits":"","CapacityBcm/y":"--","CapacityBOEd":"--","LengthKnownKm":"50.0","LengthEstimateKm":"39.88","LengthMergedKm":"50.0","Diameter":"","DiameterUnits":"","FuelSource":"","StartLocation":"Haridwar","StartPrefecture/District":"","StartState/Province":"Uttarakhand","StartCountryOrArea":"India","StartRegion":"Asia","StartSubRegion":"Southern Asia","EndLocation":"","EndPrefecture/District":"Dehradun","EndState/Province":"Uttarakhand","EndCountryOrArea":"India","EndRegion":"Asia","EndSubRegion":"Southern Asia","ProjectLevelCost":"","ProjectLevelCostUnits":"","CostUSD":"--","FIDStatus":"","FIDYear":"","PCI3":"","PCI4":"","PCI5":"","PCI6":"","RouteAccuracy":"very low (straight line/schematic)","RouteType":"Mapped route (at any accuracy)","RouteCreator":"WA"},"geometry":{"type":"LineString","coordinates":[[78.068545,29.960068],[78.059704,30.319779]]}},{"type":"Feature","properties":{"PipelineName":"Jamnagar to Dwarka Gas Pipeline","SegmentName":"","Wiki":"https://www.gem.wiki/Jamnagar_to_Dwarka_Gas_Pipeline","ProjectID":"P3909","Status":"construction","LastUpdated":"2025-07-17","Fuel":"Gas","OtherEnglishNames":"","OtherLanguagePrimaryPipelineName":"","OtherLanguageSegmentName":"","CountriesOrAreas":"India","Owner":"Gujarat State Petronet [100.%]","Parent":"unknown [unknown %]","ParentEntityIDs":"E100000153049","StartYear1":"2024","StartYear2":"","StartYear3":"","ShelvedYear":"","CancelledYear":"","StopYear":"","Capacity":"3.0","CapacityUnits":"MMSCMD","CapacityBcm/y":"1.1","CapacityBOEd":"17649.0","LengthKnownKm":"100.0","LengthEstimateKm":"114.47","LengthMergedKm":"100.0","Diameter":"","DiameterUnits":"","FuelSource":"","StartLocation":"Jamnagar","StartPrefecture/District":"","StartState/Province":"Gujarat","StartCountryOrArea":"India","StartRegion":"Asia","StartSubRegion":"Southern Asia","EndLocation":"","EndPrefecture/District":"Dwarka","EndState/Province":"Gujarat","EndCountryOrArea":"India","EndRegion":"Asia","EndSubRegion":"Southern Asia","ProjectLevelCost":"","ProjectLevelCostUnits":"","CostUSD":"--","FIDStatus":"","FIDYear":"","PCI3":"","PCI4":"","PCI5":"","PCI6":"","RouteAccuracy":"very low (straight line/schematic)","RouteType":"Mapped route (at any accuracy)","RouteCreator":"WA"},"geometry":{"type":"LineString","coordinates":[[70.044678,22.493032],[68.962956,22.255373]]}},{"type":"Feature","properties":{"PipelineName":"Chhara to Lonhtpur Gas Pipeline","SegmentName":"","Wiki":"https://www.gem.wiki/Chhara_to_Lonhtpur_Gas_Pipeline","ProjectID":"P3910","Status":"construction","LastUpdated":"2025-07-17","Fuel":"Gas","OtherEnglishNames":"","OtherLanguagePrimaryPipelineName":"","OtherLanguageSegmentName":"","CountriesOrAreas":"India","Owner":"Gujarat State Petronet [100.%]","Parent":"unknown [unknown %]","ParentEntityIDs":"E100000153049","StartYear1":"","StartYear2":"","StartYear3":"","ShelvedYear":"","CancelledYear":"","StopYear":"","Capacity":"18.0","CapacityUnits":"MMSCMD","CapacityBcm/y":"6.57","CapacityBOEd":"105894.0","LengthKnownKm":"85.0","LengthEstimateKm":"114.84","LengthMergedKm":"85.0","Diameter":"","DiameterUnits":"","FuelSource":"","StartLocation":"Chhara","StartPrefecture/District":"","StartState/Province":"Gujarat","StartCountryOrArea":"India","StartRegion":"Asia","StartSubRegion":"Southern Asia","EndLocation":"","EndPrefecture/District":"Lonhtpur","EndState/Province":"Gujarat","EndCountryOrArea":"India","EndRegion":"Asia","EndSubRegion":"Southern Asia","ProjectLevelCost":"","ProjectLevelCostUnits":"","CostUSD":"--","FIDStatus":"","FIDYear":"","PCI3":"","PCI4":"","PCI5":"","PCI6":"","RouteAccuracy":"very low (straight line/schematic)","RouteType":"Mapped route (at any accuracy)","RouteCreator":"WA"},"geometry":{"type":"LineString","coordinates":[[70.743435,20.734411],[71.22184,21.669569]]}},{"type":"Feature","properties":{"PipelineName":"Swan LNG Terminal to Hadala Gas Pipeline","SegmentName":"","Wiki":"https://www.gem.wiki/Swan_LNG_Terminal_to_Hadala_Gas_Pipeline","ProjectID":"P3911","Status":"construction","LastUpdated":"2025-07-17","Fuel":"Gas","OtherEnglishNames":"","OtherLanguagePrimaryPipelineName":"","OtherLanguageSegmentName":"","CountriesOrAreas":"India","Owner":"Gujarat State Petronet [100.%]","Parent":"unknown [unknown %]","ParentEntityIDs":"E100000153049","StartYear1":"2024","StartYear2":"","StartYear3":"","ShelvedYear":"","CancelledYear":"","StopYear":"","Capacity":"18.0","CapacityUnits":"MMSCMD","CapacityBcm/y":"6.57","CapacityBOEd":"105894.0","LengthKnownKm":"198.0","LengthEstimateKm":"185.35","LengthMergedKm":"198.0","Diameter":"","DiameterUnits":"","FuelSource":"","StartLocation":"Jafrabad","StartPrefecture/District":"","StartState/Province":"Gujarat","StartCountryOrArea":"India","StartRegion":"Asia","StartSubRegion":"Southern Asia","EndLocation":"","EndPrefecture/District":"Hadala","EndState/Province":"Gujarat","EndCountryOrArea":"India","EndRegion":"Asia","EndSubRegion":"Southern Asia","ProjectLevelCost":"","ProjectLevelCostUnits":"","CostUSD":"--","FIDStatus":"","FIDYear":"","PCI3":"","PCI4":"","PCI5":"","PCI6":"","RouteAccuracy":"very low (straight line/schematic)","RouteType":"Mapped route (at any accuracy)","RouteCreator":"WA"},"geometry":{"type":"LineString","coordinates":[[71.3667,20.8667],[70.762907,22.442605]]}},{"type":"Feature","properties":{"PipelineName":"Swan LNG Terminal to Dahej LNG Terminal Gas Pipeline","SegmentName":"","Wiki":"https://www.gem.wiki/Swan_LNG_Terminal_to_Dahej_LNG_Terminal_Gas_Pipeline","ProjectID":"P3912","Status":"construction","LastUpdated":"2025-07-17","Fuel":"Gas","OtherEnglishNames":"","OtherLanguagePrimaryPipelineName":"","OtherLanguageSegmentName":"","CountriesOrAreas":"India","Owner":"GAIL (India) Ltd [100.%]","Parent":"GAIL Ltd [100.00%]","ParentEntityIDs":"E100000000513","StartYear1":"2024","StartYear2":"","StartYear3":"","ShelvedYear":"","CancelledYear":"","StopYear":"","Capacity":"7.0","CapacityUnits":"MMSCMD","CapacityBcm/y":"2.56","CapacityBOEd":"41181.0","LengthKnownKm":"170.0","LengthEstimateKm":"150.76","LengthMergedKm":"170.0","Diameter":"","DiameterUnits":"","FuelSource":"","StartLocation":"Jafrabad","StartPrefecture/District":"","StartState/Province":"Gujarat","StartCountryOrArea":"India","StartRegion":"Asia","StartSubRegion":"Southern Asia","EndLocation":"","EndPrefecture/District":"Dahej","EndState/Province":"Gujarat","EndCountryOrArea":"India","EndRegion":"Asia","EndSubRegion":"Southern Asia","ProjectLevelCost":"","ProjectLevelCostUnits":"","CostUSD":"--","FIDStatus":"","FIDYear":"","PCI3":"","PCI4":"","PCI5":"","PCI6":"","RouteAccuracy":"very low (straight line/schematic)","RouteType":"Mapped route (at any accuracy)","RouteCreator":"WA"},"geometry":{"type":"LineString","coordinates":[[71.3667,20.8667],[72.536,21.6746]]}},{"type":"Feature","properties":{"PipelineName":"Bhatinda-Gurdaspur Gas Pipeline","SegmentName":"Phase II","Wiki":"https://www.gem.wiki/Bhatinda_-_Gurdaspur_Gas_Pipeline","ProjectID":"P3913","Status":"construction","LastUpdated":"2025-07-17","Fuel":"Gas","OtherEnglishNames":"","OtherLanguagePrimaryPipelineName":"","OtherLanguageSegmentName":"","CountriesOrAreas":"India","Owner":"Gujarat State Petronet [100.%]","Parent":"unknown [unknown %]","ParentEntityIDs":"E100000153049","StartYear1":"2023","StartYear2":"","StartYear3":"","ShelvedYear":"","CancelledYear":"","StopYear":"","Capacity":"42.42","CapacityUnits":"MMSCMD","CapacityBcm/y":"15.48","CapacityBOEd":"249556.86","LengthKnownKm":"290.0","LengthEstimateKm":"206.47","LengthMergedKm":"290.0","Diameter":"","DiameterUnits":"","FuelSource":"","StartLocation":"Bhatinda","StartPrefecture/District":"","StartState/Province":"Punjab","StartCountryOrArea":"India","StartRegion":"Asia","StartSubRegion":"Southern Asia","EndLocation":"","EndPrefecture/District":"Gurdaspur","EndState/Province":"Punjab","EndCountryOrArea":"India","EndRegion":"Asia","EndSubRegion":"Southern Asia","ProjectLevelCost":"","ProjectLevelCostUnits":"","CostUSD":"--","FIDStatus":"","FIDYear":"","PCI3":"","PCI4":"","PCI5":"","PCI6":"","RouteAccuracy":"very low (straight line/schematic)","RouteType":"Mapped route (at any accuracy)","RouteCreator":"WA"},"geometry":{"type":"LineString","coordinates":[[74.919545,30.249094],[75.42129,32.060694]]}},{"type":"Feature","properties":{"PipelineName":"Kakinada-Vizag-Srikakulam Gas Pipeline","SegmentName":"","Wiki":"https://www.gem.wiki/Kakinada-Vizag-Srikakulam_Gas_Pipeline","ProjectID":"P0932","Status":"cancelled","LastUpdated":"2024-07-05","Fuel":"Gas","OtherEnglishNames":"KSPL","OtherLanguagePrimaryPipelineName":"","OtherLanguageSegmentName":"","CountriesOrAreas":"India","Owner":"Andhra Pradesh Gas Distribution Corp Ltd [100.%]","Parent":"Andhra Pradesh Gas Infrastructure Corporation Pvt Ltd [50.00%]; GAIL Ltd [50.00%]","ParentEntityIDs":"E100001014109","StartYear1":"","StartYear2":"","StartYear3":"","ShelvedYear":"","CancelledYear":"2024","StopYear":"","Capacity":"90.0","CapacityUnits":"MMSCMD","CapacityBcm/y":"32.85","CapacityBOEd":"529470.0","LengthKnownKm":"275.0","LengthEstimateKm":"249.14","LengthMergedKm":"275.0","Diameter":"","DiameterUnits":"","FuelSource":"","StartLocation":"Kakinada","StartPrefecture/District":"East Godavari","StartState/Province":"Andhra Pradesh","StartCountryOrArea":"India","StartRegion":"Asia","StartSubRegion":"Southern Asia","EndLocation":"Srikakulam","EndPrefecture/District":"","EndState/Province":"Andhra Pradesh","EndCountryOrArea":"India","EndRegion":"Asia","EndSubRegion":"Southern Asia","ProjectLevelCost":"","ProjectLevelCostUnits":"","CostUSD":"--","FIDStatus":"","FIDYear":"","PCI3":"","PCI4":"","PCI5":"","PCI6":"","RouteAccuracy":"medium","RouteType":"Mapped route (at any accuracy)","RouteCreator":"WA"},"geometry":{"type":"LineString","coordinates":[[82.188074,16.878161],[82.192583,17.050894],[82.202948,17.08976],[82.246997,17.152595],[82.294933,17.19794],[82.399964,17.2717],[82.601907,17.388206],[82.721002,17.458109],[82.821974,17.530601],[82.941068,17.626395],[82.969548,17.641929],[83.025211,17.660052],[83.121005,17.710538],[83.237906,17.796933],[83.301553,17.897257],[83.388932,17.947959],[83.447185,17.992188],[83.500044,18.057992],[83.531328,18.089276],[83.573399,18.142135],[83.58203,18.159395],[83.617628,18.182049],[83.680196,18.202545],[83.741686,18.221963],[83.803175,18.235987],[83.847179,18.244296],[83.889902,18.246513]]}},{"type":"Feature","properties":{"PipelineName":"Mehsana-Bhatinda Gas Pipeline","SegmentName":"Phase II","Wiki":"https://www.gem.wiki/Mehsana-Bhatinda_Gas_Pipeline","ProjectID":"P5411","Status":"construction","LastUpdated":"2025-07-17","Fuel":"Gas","OtherEnglishNames":"","OtherLanguagePrimaryPipelineName":"","OtherLanguageSegmentName":"","CountriesOrAreas":"India","Owner":"Gujarat State Petronet [52.%]; Indian Oil Corp [26.%]; BPCL Group [11.%]; Hindustan Petroleum [11.%]","Parent":"Indian Oil Corporation Ltd [26.00%]; Bharat Petroleum Corp Ltd [11.00%]; Hindustan Petroleum Corp Ltd [11.00%]; unknown [unknown %]","ParentEntityIDs":"E100000153049; E100000001918; E100000000509; E100000001917","StartYear1":"","StartYear2":"","StartYear3":"","ShelvedYear":"","CancelledYear":"","StopYear":"","Capacity":"80.11","CapacityUnits":"MMSCMD","CapacityBcm/y":"29.24","CapacityBOEd":"471287.13","LengthKnownKm":"763.0","LengthEstimateKm":"2317.0","LengthMergedKm":"763.0","Diameter":"","DiameterUnits":"","FuelSource":"","StartLocation":"Mehsana","StartPrefecture/District":"","StartState/Province":"Gujarat","StartCountryOrArea":"India","StartRegion":"Asia","StartSubRegion":"Southern Asia","EndLocation":"Bhatinda","EndPrefecture/District":"","EndState/Province":"Punjab","EndCountryOrArea":"India","EndRegion":"Asia","EndSubRegion":"Southern Asia","ProjectLevelCost":"","ProjectLevelCostUnits":"","CostUSD":"955674720.0","FIDStatus":"","FIDYear":"","PCI3":"","PCI4":"","PCI5":"","PCI6":"","RouteAccuracy":"medium","RouteType":"Mapped route (at any accuracy)","RouteCreator":"WA"},"geometry":{"type":"MultiLineString","coordinates":[[[72.350832,24.140246],[72.54024,24.354779],[72.841746,24.563515],[73.091069,24.795442],[73.398167,25.183661]],[[73.398167,25.183661],[73.398373,25.183922],[73.698345,25.64138],[73.698346,25.641381]],[[73.698346,25.641381],[74.192254,26.258765],[74.615604,26.317564],[75.080113,26.546878],[75.385866,26.811472],[75.362653,27.03457]],[[75.362653,27.03457],[75.319895,27.44552],[75.319895,27.71521],[75.328323,27.934333],[75.336751,28.608557],[75.319895,29.046803],[75.244045,29.341776],[75.176623,29.510332],[75.134484,29.653605],[75.117628,29.931722],[75.142911,30.302545],[75.168195,30.454246],[75.252473,30.63123],[75.36202,30.875606]],[[75.36202,30.875606],[75.362034,30.875636],[75.362034,30.943058],[75.513735,31.246459],[75.446312,31.499293],[75.421029,31.693133],[75.421031,31.693149]],[[75.421031,31.693149],[75.446312,31.861689],[75.514414,32.189381],[75.537188,32.348796],[75.4404,32.439891],[75.195584,32.508211],[75.098796,32.610692],[75.115877,32.696093],[75.150037,32.969376],[75.258211,33.128791],[75.275292,33.225579],[75.150037,33.390687],[75.144344,33.675357],[75.024782,33.942946]],[[74.925388,31.661076],[75.421031,31.693149]],[[75.421031,31.693149],[75.421053,31.69315]],[[74.669049,30.972163],[74.845519,30.972163],[75.082148,30.903982],[75.158351,30.903982],[75.36202,30.875606]],[[75.36202,30.875606],[75.36209,30.875596]],[[75.320005,29.047611],[75.855618,29.097827],[76.679754,29.008731],[76.711574,29.546487]],[[76.957624,28.167777],[76.696091,28.013036],[76.397507,27.816886],[76.26674,27.716632],[76.122897,27.607659],[76.064052,27.479072],[75.961618,27.337408],[75.87444,27.217539],[75.748032,27.110746],[75.57556,27.074873],[75.362653,27.03457]],[[75.362653,27.03457],[75.362641,27.034568]],[[74.615678,26.317518],[74.633875,26.148105],[74.609765,26.001032],[74.62182,25.820205],[74.566367,25.704476],[74.537434,25.55017],[74.50368,25.376576],[74.554311,25.178872],[74.653164,24.988401],[74.414472,24.879904],[74.244591,24.79457],[74.098002,24.757923],[73.945916,24.719444],[73.821315,24.625993],[73.773674,24.572854]],[[71.662271,25.315123],[72.23067,25.30364],[72.497645,25.134269],[72.80194,25.082596],[73.200967,25.134269],[73.398167,25.183661]],[[73.398167,25.183661],[73.398197,25.183669]],[[73.017353,26.169479],[73.210792,26.043206],[73.447217,25.830961],[73.545299,25.732741],[73.698346,25.641381]],[[73.698346,25.641381],[73.698352,25.641378]]]}},{"type":"Feature","properties":{"PipelineName":"Hazaribagh-Ranchi Gas Pipeline","SegmentName":"","Wiki":"https://www.gem.wiki/Hazaribagh-Ranchi_Gas_Pipeline","ProjectID":"P5412","Status":"construction","LastUpdated":"2025-07-17","Fuel":"Gas","OtherEnglishNames":"","OtherLanguagePrimaryPipelineName":"","OtherLanguageSegmentName":"","CountriesOrAreas":"India","Owner":"Indian Oil Corp [100.%]","Parent":"Indian Oil Corporation Ltd [100.00%]","ParentEntityIDs":"E100000001918","StartYear1":"2026","StartYear2":"","StartYear3":"","ShelvedYear":"","CancelledYear":"","StopYear":"","Capacity":"1.03","CapacityUnits":"MMSCMD","CapacityBcm/y":"0.38","CapacityBOEd":"6059.49","LengthKnownKm":"71.0","LengthEstimateKm":"71.4","LengthMergedKm":"71.0","Diameter":"","DiameterUnits":"","FuelSource":"","StartLocation":"Hazaribagh","StartPrefecture/District":"","StartState/Province":"Jharkhand","StartCountryOrArea":"India","StartRegion":"Asia","StartSubRegion":"Southern Asia","EndLocation":"Ranchi","EndPrefecture/District":"","EndState/Province":"Jharkhand","EndCountryOrArea":"India","EndRegion":"Asia","EndSubRegion":"Southern Asia","ProjectLevelCost":"","ProjectLevelCostUnits":"","CostUSD":"--","FIDStatus":"","FIDYear":"","PCI3":"","PCI4":"","PCI5":"","PCI6":"","RouteAccuracy":"very low (straight line/schematic)","RouteType":"Mapped route (at any accuracy)","RouteCreator":"WA"},"geometry":{"type":"LineString","coordinates":[[85.363612,23.994549],[85.308681,23.351854]]}},{"type":"Feature","properties":{"PipelineName":"Gurdaspur-Jammu Gas Pipeline","SegmentName":"","Wiki":"https://www.gem.wiki/Gurdaspur-Jammu_Gas_Pipeline","ProjectID":"P5413","Status":"construction","LastUpdated":"2026-08-22","Fuel":"Gas","OtherEnglishNames":"","OtherLanguagePrimaryPipelineName":"","OtherLanguageSegmentName":"","CountriesOrAreas":"India","Owner":"--","Parent":"unknown [unknown %]","ParentEntityIDs":"unknown","StartYear1":"2026","StartYear2":"","StartYear3":"","ShelvedYear":"","CancelledYear":"","StopYear":"","Capacity":"2.0","CapacityUnits":"MMSCMD","CapacityBcm/y":"0.73","CapacityBOEd":"11766.0","LengthKnownKm":"175.0","LengthEstimateKm":"91.34","LengthMergedKm":"175.0","Diameter":"","DiameterUnits":"","FuelSource":"","StartLocation":"Gurdaspur","StartPrefecture/District":"","StartState/Province":"Punjab","StartCountryOrArea":"India","StartRegion":"Asia","StartSubRegion":"Southern Asia","EndLocation":"Jammu","EndPrefecture/District":"","EndState/Province":"Jammu and Kashmir","EndCountryOrArea":"India","EndRegion":"Asia","EndSubRegion":"Southern Asia","ProjectLevelCost":"","ProjectLevelCostUnits":"","CostUSD":"--","FIDStatus":"","FIDYear":"","PCI3":"","PCI4":"","PCI5":"","PCI6":"","RouteAccuracy":"very low (straight line/schematic)","RouteType":"Mapped route (at any accuracy)","RouteCreator":"WA"},"geometry":{"type":"LineString","coordinates":[[75.405122,32.045331],[74.862672,32.728373]]}},{"type":"Feature","properties":{"PipelineName":"Bhatinda-Gurdaspur Gas Pipeline","SegmentName":"Phase I","Wiki":"https://www.gem.wiki/Bhatinda_-_Gurdaspur_Gas_Pipeline","ProjectID":"P5533","Status":"operating","LastUpdated":"2023-07-25","Fuel":"Gas","OtherEnglishNames":"","OtherLanguagePrimaryPipelineName":"","OtherLanguageSegmentName":"","CountriesOrAreas":"India","Owner":"--","Parent":"unknown [unknown %]","ParentEntityIDs":"unknown","StartYear1":"2023","StartYear2":"","StartYear3":"","ShelvedYear":"","CancelledYear":"","StopYear":"","Capacity":"42.42","CapacityUnits":"MMSCMD","CapacityBcm/y":"15.48","CapacityBOEd":"249556.86","LengthKnownKm":"102.0","LengthEstimateKm":"206.47","LengthMergedKm":"102.0","Diameter":"","DiameterUnits":"","FuelSource":"","StartLocation":"Bhatinda","StartPrefecture/District":"","StartState/Province":"Punjab","StartCountryOrArea":"India","StartRegion":"Asia","StartSubRegion":"Southern Asia","EndLocation":"Gurdaspur","EndPrefecture/District":"","EndState/Province":"Punjab","EndCountryOrArea":"India","EndRegion":"Asia","EndSubRegion":"Southern Asia","ProjectLevelCost":"","ProjectLevelCostUnits":"","CostUSD":"--","FIDStatus":"","FIDYear":"","PCI3":"","PCI4":"","PCI5":"","PCI6":"","RouteAccuracy":"very low (straight line/schematic)","RouteType":"Mapped route (at any accuracy)","RouteCreator":"WA"},"geometry":{"type":"LineString","coordinates":[[74.919545,30.249094],[75.42129,32.060694]]}},{"type":"Feature","properties":{"PipelineName":"Kakinada-Srikakulam Gas Pipeline","SegmentName":"","Wiki":"https://www.gem.wiki/Kakinada-Srikakulam_Gas_Pipeline","ProjectID":"P6538","Status":"proposed","LastUpdated":"2025-07-17","Fuel":"Gas","OtherEnglishNames":"","OtherLanguagePrimaryPipelineName":"","OtherLanguageSegmentName":"","CountriesOrAreas":"India","Owner":"--","Parent":"unknown [unknown %]","ParentEntityIDs":"unknown","StartYear1":"","StartYear2":"","StartYear3":"","ShelvedYear":"","CancelledYear":"","StopYear":"","Capacity":"20.0","CapacityUnits":"MMSCMD","CapacityBcm/y":"7.3","CapacityBOEd":"117660.0","LengthKnownKm":"--","LengthEstimateKm":"239.27","LengthMergedKm":"239.27","Diameter":"","DiameterUnits":"","FuelSource":"","StartLocation":"Kakinada","StartPrefecture/District":"","StartState/Province":"Andhra Pradesh","StartCountryOrArea":"India","StartRegion":"Asia","StartSubRegion":"Southern Asia","EndLocation":"Srikakulam ","EndPrefecture/District":"","EndState/Province":"Andhra Pradesh","EndCountryOrArea":"India","EndRegion":"Asia","EndSubRegion":"Southern Asia","ProjectLevelCost":"","ProjectLevelCostUnits":"","CostUSD":"--","FIDStatus":"","FIDYear":"","PCI3":"","PCI4":"","PCI5":"","PCI6":"","RouteAccuracy":"medium","RouteType":"Mapped route (at any accuracy)","RouteCreator":"WA"},"geometry":{"type":"LineString","coordinates":[[82.234984,16.953891],[82.25309,17.114727],[83.002352,17.690279],[83.400523,18.108836],[83.900026,18.295784]]}},{"type":"Feature","properties":{"PipelineName":"Kanai Chhata-Panitar Gas Pipeline","SegmentName":"","Wiki":"https://www.gem.wiki/Kanai_Chhata-Shrirampur_Gas_Pipeline","ProjectID":"P6562","Status":"construction","LastUpdated":"2026-08-28","Fuel":"Gas","OtherEnglishNames":"Kanai Chhata-Shrirampur Gas Pipeline","OtherLanguagePrimaryPipelineName":"","OtherLanguageSegmentName":"","CountriesOrAreas":"India","Owner":"Hooghly Pipelines Private Limited (HPPL) [100.%]","Parent":"unknown [unknown %]","ParentEntityIDs":"unknown","StartYear1":"2024","StartYear2":"","StartYear3":"","ShelvedYear":"","CancelledYear":"","StopYear":"","Capacity":"19.2","CapacityUnits":"MMSCMD","CapacityBcm/y":"7.01","CapacityBOEd":"112953.6","LengthKnownKm":"317.0","LengthEstimateKm":"341.31","LengthMergedKm":"317.0","Diameter":"","DiameterUnits":"","FuelSource":"","StartLocation":"Kanai Chhata","StartPrefecture/District":"","StartState/Province":"West Bengal","StartCountryOrArea":"India","StartRegion":"Asia","StartSubRegion":"Southern Asia","EndLocation":"Panitar","EndPrefecture/District":"Hooghly","EndState/Province":"West Bengal","EndCountryOrArea":"India","EndRegion":"Asia","EndSubRegion":"Southern Asia","ProjectLevelCost":"","ProjectLevelCostUnits":"","CostUSD":"--","FIDStatus":"","FIDYear":"","PCI3":"","PCI4":"","PCI5":"","PCI6":"","RouteAccuracy":"low","RouteType":"Mapped route (at any accuracy)","RouteCreator":"WA"},"geometry":{"type":"MultiLineString","coordinates":[[[87.781541,22.105814],[87.839829,22.125267],[87.906805,22.115206],[87.966903,22.081991],[88.003831,22.028646]],[[87.818418,21.722834],[87.734437,21.842911],[87.751775,21.978298],[87.777554,22.092466],[87.867011,22.428228],[87.869162,22.428875]],[[87.869162,22.428875],[87.973851,22.460343],[88.066565,22.461565]],[[88.066565,22.461565],[88.097185,22.461969],[88.367082,22.567822],[88.437345,22.969247],[88.938173,22.657237]],[[87.868875,22.429074],[87.869162,22.428875]],[[87.869162,22.428875],[87.910503,22.400212]],[[88.101952,22.460678],[88.116013,22.428779]],[[88.061686,22.477216],[88.066565,22.461565]],[[88.066565,22.461565],[88.072552,22.442364]],[[88.368473,22.568135],[88.378699,22.558692]],[[88.438263,22.969737],[87.963046,23.209005]]]}}]}